year,Tariff_RES,iso3c
1970,,USA
1971,,USA
1972,,USA
1973,,USA
1974,,USA
1975,,USA
1976,,USA
1977,,USA
1978,,USA
1979,,USA
1980,95.8156433105469,USA
1981,95.6729202270508,USA
1982,94.9395065307617,USA
1983,95.4385528564453,USA
1984,95.1534042358398,USA
1985,94.9384384155274,USA
1986,94.8835678100586,USA
1987,94.8127899169922,USA
1988,94.877685546875,USA
1989,95.4954071044922,USA
1990,95.5307693481445,USA
1991,95.5885696411133,USA
1992,95.5910110473633,USA
1993,95.6140747070313,USA
1994,95.1858749389648,USA
1995,96.1329956054688,USA
1996,96.2707443237305,USA
1997,96.536262512207,USA
1998,96.7563705444336,USA
1999,97.0350341796875,USA
2000,97.1832962036133,USA
2001,97.1150436401367,USA
2002,97.177360534668,USA
2003,97.216064453125,USA
2004,97.3057403564453,USA
2005,97.3057403564453,USA
2006,,USA
1970,,GBR
1971,,GBR
1972,,GBR
1973,,GBR
1974,,GBR
1975,,GBR
1976,,GBR
1977,,GBR
1978,,GBR
1979,,GBR
1980,95.5786209106445,GBR
1981,95.5016860961914,GBR
1982,95.0593566894531,GBR
1983,94.8381881713867,GBR
1984,94.3405685424805,GBR
1985,94.3761138916016,GBR
1986,94.0364685058594,GBR
1987,93.4322204589844,GBR
1988,92.831916809082,GBR
1989,92.5623474121094,GBR
1990,91.8027877807617,GBR
1991,92.2437057495117,GBR
1992,92.116081237793,GBR
1993,91.6446990966797,GBR
1994,91.7345581054687,GBR
1995,91.3460311889648,GBR
1996,92.0786666870117,GBR
1997,92.1045913696289,GBR
1998,97.4062118530274,GBR
1999,97.577278137207,GBR
2000,97.7017440795898,GBR
2001,97.6651840209961,GBR
2002,97.5920562744141,GBR
2003,97.7017440795898,GBR
2004,96.604850769043,GBR
2005,97.8166580200195,GBR
2006,,GBR
1970,,AUT
1971,,AUT
1972,,AUT
1973,,AUT
1974,,AUT
1975,,AUT
1976,,AUT
1977,,AUT
1978,,AUT
1979,,AUT
1980,95.1803970336914,AUT
1981,95.4816284179688,AUT
1982,95.1803970336914,AUT
1983,94.8791732788086,AUT
1984,94.8791732788086,AUT
1985,95.1803970336914,AUT
1986,94.8791732788086,AUT
1987,94.276725769043,AUT
1988,93.9755020141602,AUT
1989,94.3627471923828,AUT
1990,94.8000030517578,AUT
1991,94.9166641235352,AUT
1992,95.033332824707,AUT
1993,95.1999969482422,AUT
1994,95.625,AUT
1995,96.5500030517578,AUT
1996,95.75,AUT
1997,94.8000030517578,AUT
1998,94.8000030517578,AUT
1999,96.4120025634766,AUT
2000,96.4120025634766,AUT
2001,96.4120025634766,AUT
2002,96.6719970703125,AUT
2003,96.6719970703125,AUT
2004,96.620002746582,AUT
2005,96.620002746582,AUT
2006,,AUT
1970,,BEL
1971,,BEL
1972,,BEL
1973,,BEL
1974,,BEL
1975,,BEL
1976,,BEL
1977,,BEL
1978,,BEL
1979,,BEL
1980,,BEL
1981,,BEL
1982,,BEL
1983,,BEL
1984,,BEL
1985,96.0234985351563,BEL
1986,96.3850021362305,BEL
1987,95.6620025634766,BEL
1988,96.3850021362305,BEL
1989,96.370002746582,BEL
1990,95.4049987792969,BEL
1991,95.9499969482422,BEL
1992,95.9550018310547,BEL
1993,95.995002746582,BEL
1994,96,BEL
1995,96.3850021362305,BEL
1996,96.8550033569336,BEL
1997,96.754997253418,BEL
1998,97.0974960327148,BEL
1999,97.3064727783203,BEL
2000,97.4457931518555,BEL
2001,97.405158996582,BEL
2002,97.3238906860352,BEL
2003,97.4457931518555,BEL
2004,96.2267456054688,BEL
2005,97.5735092163086,BEL
2006,,BEL
1970,,DNK
1971,,DNK
1972,,DNK
1973,,DNK
1974,,DNK
1975,,DNK
1976,,DNK
1977,,DNK
1978,,DNK
1979,,DNK
1980,96.7698364257813,DNK
1981,97.0013656616211,DNK
1982,97.0013656616211,DNK
1983,96.6681823730469,DNK
1984,96.6681823730469,DNK
1985,97.0013656616211,DNK
1986,96.6681823730469,DNK
1987,96.6681823730469,DNK
1988,96.3349990844727,DNK
1989,96.370002746582,DNK
1990,95.4049987792969,DNK
1991,96,DNK
1992,96.004997253418,DNK
1993,95.995002746582,DNK
1994,96.0500030517578,DNK
1995,96.4349975585938,DNK
1996,96.8550033569336,DNK
1997,96.8050003051758,DNK
1998,97.142219543457,DNK
1999,97.3479766845703,DNK
2000,97.4851531982422,DNK
2001,97.4451446533203,DNK
2002,97.3651275634766,DNK
2003,97.4851531982422,DNK
2004,96.2848815917969,DNK
2005,97.6108932495117,DNK
2006,,DNK
1970,,FRA
1971,,FRA
1972,,FRA
1973,,FRA
1974,,FRA
1975,,FRA
1976,,FRA
1977,,FRA
1978,,FRA
1979,,FRA
1980,96.0018157958984,FRA
1981,96.3349990844727,FRA
1982,96.3349990844727,FRA
1983,96.6681823730469,FRA
1984,96.6681823730469,FRA
1985,96.6681823730469,FRA
1986,96.3349990844727,FRA
1987,96.3349990844727,FRA
1988,96.3349990844727,FRA
1989,96.4199981689453,FRA
1990,95.4550018310547,FRA
1991,96,FRA
1992,95.9049987792969,FRA
1993,95.995002746582,FRA
1994,96,FRA
1995,96.4850006103516,FRA
1996,96.9550018310547,FRA
1997,96.8550033569336,FRA
1998,97.4499969482422,FRA
1999,97.6335983276367,FRA
2000,97.7559967041016,FRA
2001,97.7202987670898,FRA
2002,97.6489028930664,FRA
2003,97.7559967041016,FRA
2004,96.6849975585938,FRA
2005,97.8682022094727,FRA
2006,,FRA
1970,,DEU
1971,,DEU
1972,,DEU
1973,,DEU
1974,,DEU
1975,,DEU
1976,,DEU
1977,,DEU
1978,,DEU
1979,,DEU
1980,95.5956268310547,DEU
1981,95.8403091430664,DEU
1982,96.0849990844727,DEU
1983,96.0849990844727,DEU
1984,96.0849990844727,DEU
1985,96.8190612792969,DEU
1986,96.5743713378906,DEU
1987,96.3296890258789,DEU
1988,96.0849990844727,DEU
1989,96.1699981689453,DEU
1990,95.2050018310547,DEU
1991,95.8000030517578,DEU
1992,95.8050003051758,DEU
1993,95.8450012207031,DEU
1994,95.9000015258789,DEU
1995,96.2850036621094,DEU
1996,96.754997253418,DEU
1997,96.754997253418,DEU
1998,97.4499969482422,DEU
1999,97.6335983276367,DEU
2000,97.7559967041016,DEU
2001,97.7202987670898,DEU
2002,97.6489028930664,DEU
2003,97.7559967041016,DEU
2004,96.6849975585938,DEU
2005,97.8682022094727,DEU
2006,,DEU
1970,,ITA
1971,,ITA
1972,,ITA
1973,,ITA
1974,,ITA
1975,,ITA
1976,,ITA
1977,,ITA
1978,,ITA
1979,,ITA
1980,97.8329162597656,ITA
1981,98.4520797729492,ITA
1982,96.904167175293,ITA
1983,96.2850036621094,ITA
1984,96.904167175293,ITA
1985,97.213752746582,ITA
1986,96.2850036621094,ITA
1987,96.2850036621094,ITA
1988,96.2850036621094,ITA
1989,96.2699966430664,ITA
1990,95.4049987792969,ITA
1991,95.9499969482422,ITA
1992,95.9049987792969,ITA
1993,95.995002746582,ITA
1994,96.0999984741211,ITA
1995,96.4850006103516,ITA
1996,96.8550033569336,ITA
1997,96.9049987792969,ITA
1998,97.1999969482422,ITA
1999,97.4016036987305,ITA
2000,97.536003112793,ITA
2001,97.4968032836914,ITA
2002,97.4183959960938,ITA
2003,97.536003112793,ITA
2004,96.3600006103516,ITA
2005,97.6592025756836,ITA
2006,,ITA
1970,,NLD
1971,,NLD
1972,,NLD
1973,,NLD
1974,,NLD
1975,,NLD
1976,,NLD
1977,,NLD
1978,,NLD
1979,,NLD
1980,95.9124984741211,NLD
1981,96.1849975585938,NLD
1982,96.4574966430664,NLD
1983,96.7300033569336,NLD
1984,96.4574966430664,NLD
1985,96.7300033569336,NLD
1986,96.4574966430664,NLD
1987,96.1849975585938,NLD
1988,96.1849975585938,NLD
1989,96.1699981689453,NLD
1990,95.2050018310547,NLD
1991,95.6500015258789,NLD
1992,95.6050033569336,NLD
1993,96.0449981689453,NLD
1994,95.6999969482422,NLD
1995,96.2350006103516,NLD
1996,96.7050018310547,NLD
1997,96.6549987792969,NLD
1998,97.0080490112305,NLD
1999,97.2234725952148,NLD
2000,97.3670806884766,NLD
2001,97.3251953125,NLD
2002,97.2414245605469,NLD
2003,97.3670806884766,NLD
2004,96.110466003418,NLD
2005,97.4987335205078,NLD
2006,,NLD
1970,,NOR
1971,,NOR
1972,,NOR
1973,,NOR
1974,,NOR
1975,,NOR
1976,,NOR
1977,,NOR
1978,,NOR
1979,,NOR
1980,96.5999984741211,NOR
1981,95.75,NOR
1982,96.5999984741211,NOR
1983,96.5999984741211,NOR
1984,96.5999984741211,NOR
1985,96.5999984741211,NOR
1986,96.5999984741211,NOR
1987,95.75,NOR
1988,96.5999984741211,NOR
1989,96.8000030517578,NOR
1990,97.1500015258789,NOR
1991,96.9000015258789,NOR
1992,96.6999969482422,NOR
1993,96.5,NOR
1994,96.4499969482422,NOR
1995,96.4000015258789,NOR
1996,96.75,NOR
1997,97.3499984741211,NOR
1998,97.5500030517578,NOR
1999,97.9000015258789,NOR
2000,98.1500015258789,NOR
2001,98.2258148193359,NOR
2002,98.4381561279297,NOR
2003,98.453842163086,NOR
2004,96.1192016601563,NOR
2005,98.9427719116211,NOR
2006,,NOR
1970,,SWE
1971,,SWE
1972,,SWE
1973,,SWE
1974,,SWE
1975,,SWE
1976,,SWE
1977,,SWE
1978,,SWE
1979,,SWE
1980,97.0975036621094,SWE
1981,96.9362487792969,SWE
1982,96.4524993896485,SWE
1983,96.6137466430664,SWE
1984,96.129997253418,SWE
1985,95.807502746582,SWE
1986,95.3237457275391,SWE
1987,95.0012512207031,SWE
1988,95.4850006103516,SWE
1989,95.5199966430664,SWE
1990,94.6050033569336,SWE
1991,95.0500030517578,SWE
1992,95.004997253418,SWE
1993,95.5449981689453,SWE
1994,95.6999969482422,SWE
1995,96.2850036621094,SWE
1996,96.8550033569336,SWE
1997,96.8050003051758,SWE
1998,97.4499969482422,SWE
1999,97.629997253418,SWE
2000,97.75,SWE
2001,97.7142028808594,SWE
2002,97.6426162719727,SWE
2003,97.75,SWE
2004,96.676139831543,SWE
2005,97.8625030517578,SWE
2006,,SWE
1970,,CHE
1971,,CHE
1972,,CHE
1973,,CHE
1974,,CHE
1975,,CHE
1976,,CHE
1977,,CHE
1978,,CHE
1979,,CHE
1980,,CHE
1981,,CHE
1982,,CHE
1983,,CHE
1984,,CHE
1985,,CHE
1986,,CHE
1987,,CHE
1988,,CHE
1989,95.5999984741211,CHE
1990,95.6600036621094,CHE
1991,95.7200012207031,CHE
1992,95.7799987792969,CHE
1993,95.8399963378906,CHE
1994,95.9000015258789,CHE
1995,,CHE
1996,,CHE
1997,,CHE
1998,,CHE
1999,,CHE
2000,,CHE
2001,,CHE
2002,,CHE
2003,,CHE
2004,,CHE
2005,,CHE
2006,,CHE
1970,,CAN
1971,,CAN
1972,,CAN
1973,,CAN
1974,,CAN
1975,,CAN
1976,,CAN
1977,,CAN
1978,,CAN
1979,,CAN
1980,,CAN
1981,,CAN
1982,,CAN
1983,,CAN
1984,,CAN
1985,,CAN
1986,,CAN
1987,,CAN
1988,90.9000015258789,CAN
1989,90.9000015258789,CAN
1990,91.1999969482422,CAN
1991,91.25,CAN
1992,91.3000030517578,CAN
1993,91.3000030517578,CAN
1994,91.4000015258789,CAN
1995,90.9000015258789,CAN
1996,93.5999984741211,CAN
1997,94.1999969482422,CAN
1998,95.1999969482422,CAN
1999,95.4000015258789,CAN
2000,95.6999969482422,CAN
2001,95.8000030517578,CAN
2002,95.8000030517578,CAN
2003,96.1600036621094,CAN
2004,96.1699981689453,CAN
2005,96.0599975585938,CAN
2006,,CAN
1970,,JPN
1971,,JPN
1972,,JPN
1973,,JPN
1974,,JPN
1975,,JPN
1976,,JPN
1977,,JPN
1978,,JPN
1979,,JPN
1980,96.6041030883789,JPN
1981,96.6041030883789,JPN
1982,96.6041030883789,JPN
1983,96.4828186035156,JPN
1984,96.6041030883789,JPN
1985,96.7253875732422,JPN
1986,95.755126953125,JPN
1987,95.1487197875977,JPN
1988,95.2699966430664,JPN
1989,95.745002746582,JPN
1990,96.245002746582,JPN
1991,95.9649963378906,JPN
1992,95.879997253418,JPN
1993,95.7350006103516,JPN
1994,95.7850036621094,JPN
1995,96.0550003051758,JPN
1996,96.4300003051758,JPN
1997,96.7399978637695,JPN
1998,96.754997253418,JPN
1999,96.8949966430664,JPN
2000,97.254997253418,JPN
2001,97.3278732299805,JPN
2002,97.3602676391602,JPN
2003,96.3723907470703,JPN
2004,97.4655303955078,JPN
2005,94.8986740112305,JPN
2006,,JPN
1970,,FIN
1971,,FIN
1972,,FIN
1973,,FIN
1974,,FIN
1975,,FIN
1976,,FIN
1977,,FIN
1978,,FIN
1979,,FIN
1980,95.5685272216797,FIN
1981,96.2682342529297,FIN
1982,96.0350036621094,FIN
1983,96.5014724731445,FIN
1984,96.5014724731445,FIN
1985,97.6676483154297,FIN
1986,97.2011795043945,FIN
1987,96.9679412841797,FIN
1988,96.0350036621094,FIN
1989,96.120002746582,FIN
1990,95.1549987792969,FIN
1991,95.75,FIN
1992,95.754997253418,FIN
1993,95.8949966430664,FIN
1994,95.8499984741211,FIN
1995,96.3349990844727,FIN
1996,96.9049987792969,FIN
1997,96.9049987792969,FIN
1998,97.2316665649414,FIN
1999,97.4309844970703,FIN
2000,97.5638656616211,FIN
2001,97.5251083374024,FIN
2002,97.4475936889649,FIN
2003,97.5638656616211,FIN
2004,96.4011611938477,FIN
2005,97.6856689453125,FIN
2006,,FIN
1970,,GRC
1971,,GRC
1972,,GRC
1973,,GRC
1974,,GRC
1975,,GRC
1976,,GRC
1977,,GRC
1978,,GRC
1979,,GRC
1980,86.9248046875,GRC
1981,89.641731262207,GRC
1982,86.585189819336,GRC
1983,87.9436492919922,GRC
1984,89.8115386962891,GRC
1985,92.3586502075195,GRC
1986,91.6794204711914,GRC
1987,96.0944213867188,GRC
1988,95.5849990844727,GRC
1989,95.7200012207031,GRC
1990,95.1549987792969,GRC
1991,95.6999969482422,GRC
1992,95.6549987792969,GRC
1993,95.745002746582,GRC
1994,95.8499984741211,GRC
1995,96.2850036621094,GRC
1996,96.754997253418,GRC
1997,96.7050018310547,GRC
1998,97.5500030517578,GRC
1999,97.629997253418,GRC
2000,97.75,GRC
2001,97.7142028808594,GRC
2002,97.6426162719727,GRC
2003,97.75,GRC
2004,96.676139831543,GRC
2005,97.8625030517578,GRC
2006,,GRC
1970,,IRL
1971,,IRL
1972,,IRL
1973,,IRL
1974,,IRL
1975,,IRL
1976,,IRL
1977,,IRL
1978,,IRL
1979,,IRL
1980,96.904167175293,IRL
1981,96.904167175293,IRL
1982,96.904167175293,IRL
1983,96.2850036621094,IRL
1984,96.2850036621094,IRL
1985,96.5945816040039,IRL
1986,96.904167175293,IRL
1987,96.5945816040039,IRL
1988,96.2850036621094,IRL
1989,96.2699966430664,IRL
1990,95.4049987792969,IRL
1991,96,IRL
1992,95.9550018310547,IRL
1993,95.9449996948242,IRL
1994,95.9000015258789,IRL
1995,96.2850036621094,IRL
1996,96.8550033569336,IRL
1997,96.8050003051758,IRL
1998,97.142219543457,IRL
1999,97.3479766845703,IRL
2000,97.4851531982422,IRL
2001,97.4451446533203,IRL
2002,97.3651275634766,IRL
2003,97.4851531982422,IRL
2004,96.2848815917969,IRL
2005,97.6108932495117,IRL
2006,,IRL
1970,,PRT
1971,,PRT
1972,,PRT
1973,,PRT
1974,,PRT
1975,,PRT
1976,,PRT
1977,,PRT
1978,,PRT
1979,,PRT
1980,94.4124984741211,PRT
1981,95.654167175293,PRT
1982,95.033332824707,PRT
1983,95.1575012207031,PRT
1984,96.5233306884766,PRT
1985,96.2750015258789,PRT
1986,95.5299987792969,PRT
1987,95.033332824707,PRT
1988,94.7850036621094,PRT
1989,95.2200012207031,PRT
1990,94.3550033569336,PRT
1991,95.3499984741211,PRT
1992,95.4550018310547,PRT
1993,95.8949966430664,PRT
1994,96,PRT
1995,96.3850021362305,PRT
1996,96.9550018310547,PRT
1997,96.9049987792969,PRT
1998,97.2316665649414,PRT
1999,97.4309844970703,PRT
2000,97.5638656616211,PRT
2001,97.5251083374024,PRT
2002,97.4475936889649,PRT
2003,97.5638656616211,PRT
2004,96.4011611938477,PRT
2005,97.6856689453125,PRT
2006,,PRT
1970,,ESP
1971,,ESP
1972,,ESP
1973,,ESP
1974,,ESP
1975,,ESP
1976,,ESP
1977,,ESP
1978,,ESP
1979,,ESP
1980,95.7750015258789,ESP
1981,96.0918731689453,ESP
1982,95.8806228637695,ESP
1983,95.7750015258789,ESP
1984,96.0918731689453,ESP
1985,95.458122253418,ESP
1986,93.8737487792969,ESP
1987,93.6624984741211,ESP
1988,94.0849990844727,ESP
1989,94.4700012207031,ESP
1990,93.9049987792969,ESP
1991,94.9499969482422,ESP
1992,95.4550018310547,ESP
1993,95.8949966430664,ESP
1994,96.0500030517578,ESP
1995,96.3349990844727,ESP
1996,96.9049987792969,ESP
1997,96.8550033569336,ESP
1998,97.4499969482422,ESP
1999,97.6335983276367,ESP
2000,97.7559967041016,ESP
2001,97.7202987670898,ESP
2002,97.6489028930664,ESP
2003,97.7559967041016,ESP
2004,96.6849975585938,ESP
2005,97.8682022094727,ESP
2006,,ESP
1970,,TUR
1971,,TUR
1972,,TUR
1973,,TUR
1974,,TUR
1975,,TUR
1976,,TUR
1977,,TUR
1978,,TUR
1979,,TUR
1980,,TUR
1981,,TUR
1982,,TUR
1983,60,TUR
1984,78,TUR
1985,75.3000030517578,TUR
1986,68.5999984741211,TUR
1987,73.4000015258789,TUR
1988,77.3000030517578,TUR
1989,54.0180015563965,TUR
1990,58.8385009765625,TUR
1991,63.6590003967285,TUR
1992,68.4794998168945,TUR
1993,73.3000030517578,TUR
1994,81.6370010375977,TUR
1995,89.9739990234375,TUR
1996,86.8000030517578,TUR
1997,86.5999984741211,TUR
1998,87.6999969482422,TUR
1999,86.3000030517578,TUR
2000,87.0999984741211,TUR
2001,87.4000015258789,TUR
2002,89.8000030517578,TUR
2003,87.5999984741211,TUR
2004,87.3000030517578,TUR
2005,87.3000030517578,TUR
2006,,TUR
1970,,AUS
1971,,AUS
1972,,AUS
1973,,AUS
1974,,AUS
1975,,AUS
1976,,AUS
1977,,AUS
1978,,AUS
1979,,AUS
1980,86.7441864013672,AUS
1981,86.8767471313477,AUS
1982,88.4674453735352,AUS
1983,85.9488372802734,AUS
1984,85.683723449707,AUS
1985,87.2744140625,AUS
1986,88.2023239135742,AUS
1987,87.4069747924805,AUS
1988,88.5999984741211,AUS
1989,89.0500030517578,AUS
1990,89.9250030517578,AUS
1991,90.25,AUS
1992,91.8499984741211,AUS
1993,92.5500030517578,AUS
1994,92.6999969482422,AUS
1995,94.75,AUS
1996,94.8499984741211,AUS
1997,95.0500030517578,AUS
1998,95.4000015258789,AUS
1999,95.6500015258789,AUS
2000,96.0774230957031,AUS
2001,95.837028503418,AUS
2002,95.8495559692383,AUS
2003,95.6486282348633,AUS
2004,95.8654174804687,AUS
2005,96.4313354492188,AUS
2006,,AUS
1970,,NZL
1971,,NZL
1972,,NZL
1973,,NZL
1974,,NZL
1975,,NZL
1976,,NZL
1977,,NZL
1978,,NZL
1979,,NZL
1980,,NZL
1981,,NZL
1982,,NZL
1983,,NZL
1984,,NZL
1985,,NZL
1986,,NZL
1987,,NZL
1988,85.5,NZL
1989,85.5,NZL
1990,92.0999984741211,NZL
1991,90.2389984130859,NZL
1992,91.3000030517578,NZL
1993,91.5,NZL
1994,92.6999969482422,NZL
1995,93.9000015258789,NZL
1996,92.8000030517578,NZL
1997,94.5999984741211,NZL
1998,95.5,NZL
1999,96.3000030517578,NZL
2000,96.1999969482422,NZL
2001,96.6999969482422,NZL
2002,96.6999969482422,NZL
2003,96,NZL
2004,96.9000015258789,NZL
2005,96.8300018310547,NZL
2006,,NZL
1970,,ZAF
1971,,ZAF
1972,,ZAF
1973,,ZAF
1974,,ZAF
1975,,ZAF
1976,,ZAF
1977,,ZAF
1978,,ZAF
1979,,ZAF
1980,82.9642868041992,ZAF
1981,78.9892883300781,ZAF
1982,72.7428588867188,ZAF
1983,76.7178573608399,ZAF
1984,84.0999984741211,ZAF
1985,84.7666702270508,ZAF
1986,85.2333374023438,ZAF
1987,86.25,ZAF
1988,89.75,ZAF
1989,87.0749969482422,ZAF
1990,91.4000015258789,ZAF
1991,91.4000015258789,ZAF
1992,93.0500030517578,ZAF
1993,92.0500030517578,ZAF
1994,94.5999984741211,ZAF
1995,94.0500030517578,ZAF
1996,92.9499969482422,ZAF
1997,93.9499969482422,ZAF
1998,94.5999984741211,ZAF
1999,93.8000030517578,ZAF
2000,95,ZAF
2001,95.3875350952148,ZAF
2002,95.6717758178711,ZAF
2003,92.9713973999023,ZAF
2004,94.1208724975586,ZAF
2005,93.807502746582,ZAF
2006,,ZAF
1970,,ARG
1971,,ARG
1972,,ARG
1973,,ARG
1974,,ARG
1975,,ARG
1976,,ARG
1977,,ARG
1978,,ARG
1979,,ARG
1980,44.3561401367188,ARG
1981,44.3561401367188,ARG
1982,80.3000030517578,ARG
1983,75.1333312988281,ARG
1984,75.0166625976563,ARG
1985,72.4499969482422,ARG
1986,78.1999969482422,ARG
1987,75.6999969482422,ARG
1988,75.9499969482422,ARG
1989,54.2999992370606,ARG
1990,84.5500030517578,ARG
1991,89.6999969482422,ARG
1992,88.8000030517578,ARG
1993,89.4000015258789,ARG
1994,90.5500030517578,ARG
1995,90.5,ARG
1996,90.0500030517578,ARG
1997,89.75,ARG
1998,88.8499984741211,ARG
1999,88.8499984741211,ARG
2000,89.6999969482422,ARG
2001,89.1269989013672,ARG
2002,88.1539916992188,ARG
2003,84.0922241210938,ARG
2004,85.6717376708984,ARG
2005,86.9943466186524,ARG
2006,,ARG
1970,,BOL
1971,,BOL
1972,,BOL
1973,,BOL
1974,,BOL
1975,,BOL
1976,,BOL
1977,,BOL
1978,,BOL
1979,,BOL
1980,,BOL
1981,,BOL
1982,,BOL
1983,,BOL
1984,,BOL
1985,90.4748611450195,BOL
1986,85,BOL
1987,84.9000015258789,BOL
1988,82.8000030517578,BOL
1989,85.75,BOL
1990,87.6999969482422,BOL
1991,91.25,BOL
1992,91.4000015258789,BOL
1993,91.6999969482422,BOL
1994,90.9000015258789,BOL
1995,91.3000030517578,BOL
1996,91.75,BOL
1997,91.75,BOL
1998,91.4499969482422,BOL
1999,91.6999969482422,BOL
2000,92.0500030517578,BOL
2001,93.2893218994141,BOL
2002,93.1087265014648,BOL
2003,93.0816192626953,BOL
2004,92.9918518066406,BOL
2005,93.0570526123047,BOL
2006,,BOL
1970,,BRA
1971,,BRA
1972,,BRA
1973,,BRA
1974,,BRA
1975,,BRA
1976,,BRA
1977,,BRA
1978,,BRA
1979,,BRA
1980,51,BRA
1981,51,BRA
1982,52,BRA
1983,52,BRA
1984,51,BRA
1985,49,BRA
1986,49,BRA
1987,49,BRA
1988,59,BRA
1989,65,BRA
1990,67.8000030517578,BRA
1991,74.6999969482422,BRA
1992,78.8000030517578,BRA
1993,85.8000030517578,BRA
1994,88.0999984741211,BRA
1995,88.9000015258789,BRA
1996,88.1999969482422,BRA
1997,88,BRA
1998,85.4000015258789,BRA
1999,85.5999984741211,BRA
2000,85.9000015258789,BRA
2001,86.8000030517578,BRA
2002,87,BRA
2003,88,BRA
2004,86.5999984741211,BRA
2005,87.6500015258789,BRA
2006,,BRA
1970,,CHL
1971,,CHL
1972,,CHL
1973,,CHL
1974,,CHL
1975,,CHL
1976,,CHL
1977,,CHL
1978,,CHL
1979,,CHL
1980,88.5454559326172,CHL
1981,86.2545471191406,CHL
1982,87.7272720336914,CHL
1983,81.1818161010742,CHL
1984,74.8000030517578,CHL
1985,81.75,CHL
1986,83.6999969482422,CHL
1987,83.1999969482422,CHL
1988,85.984603881836,CHL
1989,86.2692031860352,CHL
1990,86.5538024902344,CHL
1991,88.8384017944336,CHL
1992,89.1230010986328,CHL
1993,89.407600402832,CHL
1994,89.6921997070313,CHL
1995,89.9767990112305,CHL
1996,90.2808990478516,CHL
1997,90.5460052490234,CHL
1998,90.8306045532227,CHL
1999,91.6152038574219,CHL
2000,92.3998031616211,CHL
2001,93.1844024658203,CHL
2002,94.2321472167969,CHL
2003,95.0922241210938,CHL
2004,96.0610961914062,CHL
2005,96.0610961914062,CHL
2006,,CHL
1970,,COL
1971,,COL
1972,,COL
1973,,COL
1974,,COL
1975,,COL
1976,,COL
1977,,COL
1978,,COL
1979,,COL
1980,59.7279281616211,COL
1981,62.0013542175293,COL
1982,63.3004493713379,COL
1983,60.0527000427246,COL
1984,63.9500007629395,COL
1985,68.0999984741211,COL
1986,72.9499969482422,COL
1987,74.25,COL
1988,76.1999969482422,COL
1989,77.1500015258789,COL
1990,77.3499984741211,COL
1991,82.0500030517578,COL
1992,89.75,COL
1993,90.8000030517578,COL
1994,90.4499969482422,COL
1995,89.6500015258789,COL
1996,90.8000030517578,COL
1997,90.4499969482422,COL
1998,90.0500030517578,COL
1999,90.25,COL
2000,90.2288436889648,COL
2001,90.2076873779297,COL
2002,90.2802429199219,COL
2003,91.0324783325195,COL
2004,90.853141784668,COL
2005,90.8457870483399,COL
2006,,COL
1970,,CRI
1971,,CRI
1972,,CRI
1973,,CRI
1974,,CRI
1975,,CRI
1976,,CRI
1977,,CRI
1978,,CRI
1979,,CRI
1980,90.7264022827149,CRI
1981,94.3552017211914,CRI
1982,95.1615982055664,CRI
1983,91.1296005249024,CRI
1984,87.2320022583008,CRI
1985,83.1999969482422,CRI
1986,83.75,CRI
1987,85.75,CRI
1988,87.08349609375,CRI
1989,87.2376251220703,CRI
1990,86.8417510986328,CRI
1991,86.4958724975586,CRI
1992,87.8499984741211,CRI
1993,89.6999969482422,CRI
1994,90.0500030517578,CRI
1995,91.25,CRI
1996,92.3000030517578,CRI
1997,92.9499969482422,CRI
1998,94.4000015258789,CRI
1999,95.25,CRI
2000,95.4499969482422,CRI
2001,95.8083267211914,CRI
2002,96.0385208129883,CRI
2003,96.0766143798828,CRI
2004,95.9925003051758,CRI
2005,95.9993438720703,CRI
2006,,CRI
1970,,DOM
1971,,DOM
1972,,DOM
1973,,DOM
1974,,DOM
1975,,DOM
1976,,DOM
1977,,DOM
1978,,DOM
1979,,DOM
1980,81.7338714599609,DOM
1981,84.6564483642578,DOM
1982,83.0733871459961,DOM
1983,77.4717712402344,DOM
1984,69.4346771240234,DOM
1985,84.6564483642578,DOM
1986,81.7338714599609,DOM
1987,78.2024230957031,DOM
1988,79.1766128540039,DOM
1989,78.567741394043,DOM
1990,76.9846801757813,DOM
1991,75.6451568603516,DOM
1992,66.3903198242188,DOM
1993,82.3427429199219,DOM
1994,84.9000015258789,DOM
1995,84.8499984741211,DOM
1996,86.8000030517578,DOM
1997,86.0500030517578,DOM
1998,89.75,DOM
1999,89.25,DOM
2000,88.6999969482422,DOM
2001,88.7982025146484,DOM
2002,89.2787933349609,DOM
2003,92.1856460571289,DOM
2004,92.2855987548828,DOM
2005,90.4592132568359,DOM
2006,,DOM
1970,,ECU
1971,,ECU
1972,,ECU
1973,,ECU
1974,,ECU
1975,,ECU
1976,,ECU
1977,,ECU
1978,,ECU
1979,,ECU
1980,75.7611389160156,ECU
1981,76.2184753417969,ECU
1982,79.8771743774414,ECU
1983,73.6269073486328,ECU
1984,72.8646774291992,ECU
1985,64.3277130126953,ECU
1986,71.9499969482422,ECU
1987,79.9499969482422,ECU
1988,77.5250015258789,ECU
1989,75.25,ECU
1990,76.8000030517578,ECU
1991,84.6999969482422,ECU
1992,90.8499984741211,ECU
1993,91.6999969482422,ECU
1994,90.3499984741211,ECU
1995,90.5500030517578,ECU
1996,91.25,ECU
1997,90.0500030517578,ECU
1998,92.5999984741211,ECU
1999,93.0500030517578,ECU
2000,94.0500030517578,ECU
2001,94.2038803100586,ECU
2002,94.2038803100586,ECU
2003,94.2038803100586,ECU
2004,93.901252746582,ECU
2005,93.9781875610352,ECU
2006,,ECU
1970,,SLV
1971,,SLV
1972,,SLV
1973,,SLV
1974,,SLV
1975,,SLV
1976,,SLV
1977,,SLV
1978,,SLV
1979,,SLV
1980,87.0340423583984,SLV
1981,88.5074462890625,SLV
1982,88.2127685546875,SLV
1983,87.3287200927734,SLV
1984,83.7925567626953,SLV
1985,77.6042556762695,SLV
1986,86.1500015258789,SLV
1987,86.6999969482422,SLV
1988,88.5250015258789,SLV
1989,89.4499969482422,SLV
1990,89.6624984741211,SLV
1991,89.625,SLV
1992,89.8375015258789,SLV
1993,90,SLV
1994,91.4000015258789,SLV
1995,91.6999969482422,SLV
1996,92.6999969482422,SLV
1997,93.9499969482422,SLV
1998,94.6999969482422,SLV
1999,95.25,SLV
2000,94.8000030517578,SLV
2001,94.6294937133789,SLV
2002,94.4089889526367,SLV
2003,94.1688385009766,SLV
2004,94.4464874267578,SLV
2005,95.5053863525391,SLV
2006,,SLV
1970,,GTM
1971,,GTM
1972,,GTM
1973,,GTM
1974,,GTM
1975,,GTM
1976,,GTM
1977,,GTM
1978,,GTM
1979,,GTM
1980,79.4352951049805,GTM
1981,81.5999984741211,GTM
1982,82.4749984741211,GTM
1983,83.0500030517578,GTM
1984,83.4749984741211,GTM
1985,83.8499984741211,GTM
1986,83,GTM
1987,84.5,GTM
1988,85.0500030517578,GTM
1989,87.0999984741211,GTM
1990,85.8000030517578,GTM
1991,87.1999969482422,GTM
1992,87.5500030517578,GTM
1993,89.1999969482422,GTM
1994,90.5500030517578,GTM
1995,90.4499969482422,GTM
1996,89.75,GTM
1997,90.8000030517578,GTM
1998,92.6999969482422,GTM
1999,93.3000030517578,GTM
2000,93.9499969482422,GTM
2001,93.9039611816406,GTM
2002,94.0047607421875,GTM
2003,94.0720901489258,GTM
2004,95.0180892944336,GTM
2005,95.1138916015625,GTM
2006,,GTM
1970,,HTI
1971,,HTI
1972,,HTI
1973,,HTI
1974,,HTI
1975,,HTI
1976,,HTI
1977,,HTI
1978,,HTI
1979,,HTI
1980,82.0197906494141,HTI
1981,79.9732666015625,HTI
1982,78.9499969482422,HTI
1983,80.7099990844727,HTI
1984,82.3699951171875,HTI
1985,83.6800003051758,HTI
1986,83.7399978637695,HTI
1987,87.5999984741211,HTI
1988,86.7750015258789,HTI
1989,83.75,HTI
1990,87.9583358764648,HTI
1991,87.5166625976563,HTI
1992,89.9250030517578,HTI
1993,91.3833312988281,HTI
1994,92.4916687011719,HTI
1995,92.3000030517578,HTI
1996,91.3000030517578,HTI
1997,88.4000015258789,HTI
1998,88.75,HTI
1999,91.3499984741211,HTI
2000,91.5999984741211,HTI
2001,91.5999984741211,HTI
2002,91.5999984741211,HTI
2003,91.5999984741211,HTI
2004,91.5999984741211,HTI
2005,91.5999984741211,HTI
2006,,HTI
1970,,HND
1971,,HND
1972,,HND
1973,,HND
1974,,HND
1975,,HND
1976,,HND
1977,,HND
1978,,HND
1979,,HND
1980,92.3857116699219,HND
1981,89.1642837524414,HND
1982,87.2119064331055,HND
1983,87.0166625976563,HND
1984,85.7476196289063,HND
1985,82.6238098144531,HND
1986,83.2095184326172,HND
1987,80.476188659668,HND
1988,81.6476211547852,HND
1989,80.0857162475586,HND
1990,85.5523834228516,HND
1991,86.2357177734375,HND
1992,84.7714309692383,HND
1993,87.5047607421875,HND
1994,89.75,HND
1995,90.0999984741211,HND
1996,91.3499984741211,HND
1997,91.5,HND
1998,92,HND
1999,93.1999969482422,HND
2000,93.3499984741211,HND
2001,93.8550643920899,HND
2002,93.6867065429688,HND
2003,94.1075973510742,HND
2004,95.0419616699219,HND
2005,95.2944946289062,HND
2006,,HND
1970,,MEX
1971,,MEX
1972,,MEX
1973,,MEX
1974,,MEX
1975,,MEX
1976,,MEX
1977,,MEX
1978,,MEX
1979,,MEX
1980,73,MEX
1981,73,MEX
1982,73,MEX
1983,76,MEX
1984,77,MEX
1985,74.8000030517578,MEX
1986,77.4000015258789,MEX
1987,88.6999969482422,MEX
1988,88.6999969482422,MEX
1989,86.9000015258789,MEX
1990,88.9000015258789,MEX
1991,86.9000015258789,MEX
1992,86.5999984741211,MEX
1993,87,MEX
1994,86.5,MEX
1995,86.9000015258789,MEX
1996,87.4000015258789,MEX
1997,87.4000015258789,MEX
1998,86.6999969482422,MEX
1999,83.6999969482422,MEX
2000,83.5,MEX
2001,83.5999984741211,MEX
2002,82.8000030517578,MEX
2003,82.6999969482422,MEX
2004,82.5299987792969,MEX
2005,85.5500030517578,MEX
2006,,MEX
1970,,NIC
1971,,NIC
1972,,NIC
1973,,NIC
1974,,NIC
1975,,NIC
1976,,NIC
1977,,NIC
1978,,NIC
1979,,NIC
1980,,NIC
1981,,NIC
1982,,NIC
1983,,NIC
1984,,NIC
1985,,NIC
1986,,NIC
1987,77.9000015258789,NIC
1988,78.4000015258789,NIC
1989,78.9000015258789,NIC
1990,79.4000015258789,NIC
1991,92,NIC
1992,88.8666687011719,NIC
1993,85.7333374023438,NIC
1994,82.5999984741211,NIC
1995,89.3000030517578,NIC
1996,90.5,NIC
1997,93.0999984741211,NIC
1998,94.0999984741211,NIC
1999,94.5,NIC
2000,95.5,NIC
2001,95.8000030517578,NIC
2002,96.8000030517578,NIC
2003,96.1999969482422,NIC
2004,94.7900009155273,NIC
2005,94.3899993896484,NIC
2006,,NIC
1970,,PAN
1971,,PAN
1972,,PAN
1973,,PAN
1974,,PAN
1975,,PAN
1976,,PAN
1977,,PAN
1978,,PAN
1979,,PAN
1980,84.75,PAN
1981,84.75,PAN
1982,81.6999969482422,PAN
1983,75.5999984741211,PAN
1984,75.0916595458984,PAN
1985,74.0749969482422,PAN
1986,69.5,PAN
1987,75.5999984741211,PAN
1988,88.3083343505859,PAN
1989,88.8166656494141,PAN
1990,81.6999969482422,PAN
1991,84.0666656494141,PAN
1992,85.9833297729492,PAN
1993,88,PAN
1994,89.8666687011719,PAN
1995,91.7333374023437,PAN
1996,93.5999984741211,PAN
1997,92.1500015258789,PAN
1998,93.6500015258789,PAN
1999,93.5999984741211,PAN
2000,94.4000015258789,PAN
2001,94.1301193237305,PAN
2002,93.7927703857422,PAN
2003,92.8481903076172,PAN
2004,94.1975860595703,PAN
2005,94.1496887207031,PAN
2006,,PAN
1970,,PRY
1971,,PRY
1972,,PRY
1973,,PRY
1974,,PRY
1975,,PRY
1976,,PRY
1977,,PRY
1978,,PRY
1979,,PRY
1980,87.8499984741211,PRY
1981,88.6500015258789,PRY
1982,89.5,PRY
1983,89.0500030517578,PRY
1984,90.8000030517578,PRY
1985,91.1999969482422,PRY
1986,91.3499984741211,PRY
1987,92.4499969482422,PRY
1988,92.0500030517578,PRY
1989,90.966667175293,PRY
1990,90.3333358764649,PRY
1991,89.1500015258789,PRY
1992,89.6999969482422,PRY
1993,92.0500030517578,PRY
1994,93.9000015258789,PRY
1995,92.5500030517578,PRY
1996,92.9000015258789,PRY
1997,92.75,PRY
1998,91.9499969482422,PRY
1999,91.9000015258789,PRY
2000,92.0999984741211,PRY
2001,91.8350601196289,PRY
2002,92.4076385498047,PRY
2003,92.3131866455078,PRY
2004,91.7806243896484,PRY
2005,92.6538467407227,PRY
2006,,PRY
1970,,PER
1971,,PER
1972,,PER
1973,,PER
1974,,PER
1975,,PER
1976,,PER
1977,,PER
1978,,PER
1979,,PER
1980,83.2138671875,PER
1981,80.4000015258789,PER
1982,80,PER
1983,75.8499984741211,PER
1984,66.25,PER
1985,61.8499984741211,PER
1986,65.1500015258789,PER
1987,64.0500030517578,PER
1988,56.5,PER
1989,63.5999984741211,PER
1990,76.4000015258789,PER
1991,85.6999969482422,PER
1992,84.3499984741211,PER
1993,83.8000030517578,PER
1994,85.0500030517578,PER
1995,85.7799987792969,PER
1996,86.1500015258789,PER
1997,88,PER
1998,87.5,PER
1999,87.25,PER
2000,87.8499984741211,PER
2001,88.0716705322266,PER
2002,88.5437622070313,PER
2003,90.1948394775391,PER
2004,90.7140197753906,PER
2005,91.1726913452148,PER
2006,,PER
1970,,URY
1971,,URY
1972,,URY
1973,,URY
1974,,URY
1975,,URY
1976,,URY
1977,,URY
1978,,URY
1979,,URY
1980,67.4434356689453,URY
1981,66.5999984741211,URY
1982,67.375,URY
1983,73.1999969482422,URY
1984,73.3249969482422,URY
1985,73.75,URY
1986,70.9000015258789,URY
1987,78,URY
1988,79.1500015258789,URY
1989,81.1750030517578,URY
1990,81.5,URY
1991,82.8499984741211,URY
1992,85.8000030517578,URY
1993,87.4499969482422,URY
1994,88.8000030517578,URY
1995,92.1999969482422,URY
1996,92.3499984741211,URY
1997,92,URY
1998,90.6999969482422,URY
1999,91,URY
2000,92.1500015258789,URY
2001,90.4400177001953,URY
2002,90.293586730957,URY
2003,90.5079650878906,URY
2004,90.3738861083984,URY
2005,91.8945922851563,URY
2006,,URY
1970,,VEN
1971,,VEN
1972,,VEN
1973,,VEN
1974,,VEN
1975,,VEN
1976,,VEN
1977,,VEN
1978,,VEN
1979,,VEN
1980,80.2666625976563,VEN
1981,78.2111053466797,VEN
1982,75.3333358764649,VEN
1983,73.4833374023438,VEN
1984,81.5,VEN
1985,80.4499969482422,VEN
1986,77.625,VEN
1987,77.4499969482422,VEN
1988,77.5500030517578,VEN
1989,79.5999984741211,VEN
1990,85.8499984741211,VEN
1991,87.0999984741211,VEN
1992,86.9499969482422,VEN
1993,87.3000030517578,VEN
1994,88.25,VEN
1995,88.4499969482422,VEN
1996,88,VEN
1997,88.8499984741211,VEN
1998,87.9499969482422,VEN
1999,87.0999984741211,VEN
2000,88,VEN
2001,87.1732330322266,VEN
2002,88.6925811767578,VEN
2003,90.465690612793,VEN
2004,90.8837356567383,VEN
2005,90.8837356567383,VEN
2006,,VEN
1970,,JAM
1971,,JAM
1972,,JAM
1973,,JAM
1974,,JAM
1975,,JAM
1976,,JAM
1977,,JAM
1978,,JAM
1979,,JAM
1980,95.3714294433594,JAM
1981,92.4785690307617,JAM
1982,89.1999969482422,JAM
1983,88.6333312988281,JAM
1984,89.5666656494141,JAM
1985,89.5500030517578,JAM
1986,88.6500015258789,JAM
1987,87.4000015258789,JAM
1988,86.2249984741211,JAM
1989,85.8499984741211,JAM
1990,86.5749969482422,JAM
1991,85.4499969482422,JAM
1992,86.3499984741211,JAM
1993,86.1999969482422,JAM
1994,87.3499984741211,JAM
1995,89.75,JAM
1996,84.5,JAM
1997,90.1500015258789,JAM
1998,91,JAM
1999,92,JAM
2000,92.25,JAM
2001,92.0251998901367,JAM
2002,91.5175018310547,JAM
2003,89.0816497802734,JAM
2004,89.5894775390625,JAM
2005,89.5894775390625,JAM
2006,,JAM
1970,,TTO
1971,,TTO
1972,,TTO
1973,,TTO
1974,,TTO
1975,,TTO
1976,,TTO
1977,,TTO
1978,,TTO
1979,,TTO
1980,76.6717376708984,TTO
1981,73.8152160644531,TTO
1982,78.5760879516602,TTO
1983,75.4815216064453,TTO
1984,73.3391342163086,TTO
1985,77.1478271484375,TTO
1986,82.8608703613281,TTO
1987,84.7652206420898,TTO
1988,89.0500030517578,TTO
1989,89.3499984741211,TTO
1990,87.5250015258789,TTO
1991,87.25,TTO
1992,87.1999969482422,TTO
1993,87.4499969482422,TTO
1994,87.5999984741211,TTO
1995,88.5500030517578,TTO
1996,93.0999984741211,TTO
1997,93.6500015258789,TTO
1998,93.5,TTO
1999,88.6999969482422,TTO
2000,92.75,TTO
2001,94.109375,TTO
2002,94.109375,TTO
2003,94.8861618041992,TTO
2004,94.109375,TTO
2005,94.0446395874024,TTO
2006,,TTO
1970,,IRN
1971,,IRN
1972,,IRN
1973,,IRN
1974,,IRN
1975,,IRN
1976,,IRN
1977,,IRN
1978,,IRN
1979,,IRN
1980,79.1999969482422,IRN
1981,81.4000015258789,IRN
1982,79.3000030517578,IRN
1983,78.6999969482422,IRN
1984,76.8000030517578,IRN
1985,77.4499969482422,IRN
1986,76.1500015258789,IRN
1987,78,IRN
1988,80.042854309082,IRN
1989,72.4357147216797,IRN
1990,70.5285720825195,IRN
1991,64.6714324951172,IRN
1992,54.464282989502,IRN
1993,83.5071411132813,IRN
1994,88.4499969482422,IRN
1995,86.6333312988281,IRN
1996,82.1666717529297,IRN
1997,77.5,IRN
1998,76.25,IRN
1999,73.1500015258789,IRN
2000,70.75,IRN
2001,79.2322692871094,IRN
2002,75.0866851806641,IRN
2003,79.6053924560547,IRN
2004,83.4261016845703,IRN
2005,82.9607086181641,IRN
2006,,IRN
1970,,ISR
1971,,ISR
1972,,ISR
1973,,ISR
1974,,ISR
1975,,ISR
1976,,ISR
1977,,ISR
1978,,ISR
1979,,ISR
1980,92,ISR
1981,92,ISR
1982,92,ISR
1983,90.5999984741211,ISR
1984,92.5,ISR
1985,93.0999984741211,ISR
1986,92.9000015258789,ISR
1987,92.7285690307617,ISR
1988,92.5571441650391,ISR
1989,92.3857116699219,ISR
1990,92.2142868041992,ISR
1991,92.042854309082,ISR
1992,91.8714294433594,ISR
1993,91.6999969482422,ISR
1994,92.3000030517578,ISR
1995,91.1999969482422,ISR
1996,90.0999984741211,ISR
1997,90.0999984741211,ISR
1998,92.4000015258789,ISR
1999,92.5,ISR
2000,93.5,ISR
2001,94.4000015258789,ISR
2002,94.4000015258789,ISR
2003,90.0999984741211,ISR
2004,94.620002746582,ISR
2005,94.6699981689453,ISR
2006,,ISR
1970,,JOR
1971,,JOR
1972,,JOR
1973,,JOR
1974,,JOR
1975,,JOR
1976,,JOR
1977,,JOR
1978,,JOR
1979,,JOR
1980,85.1105270385742,JOR
1981,87.6999969482422,JOR
1982,87.8000030517578,JOR
1983,86.8499984741211,JOR
1984,86.6500015258789,JOR
1985,86.6500015258789,JOR
1986,84,JOR
1987,84.5,JOR
1988,84.3000030517578,JOR
1989,88.1500015258789,JOR
1990,90.0999984741211,JOR
1991,88.3499984741211,JOR
1992,82.6999969482422,JOR
1993,83.1750030517578,JOR
1994,82.1999969482422,JOR
1995,87.4499969482422,JOR
1996,83.9000015258789,JOR
1997,83.6999969482422,JOR
1998,82.9000015258789,JOR
1999,82.5999984741211,JOR
2000,87.4000015258789,JOR
2001,88.9733276367188,JOR
2002,89.3122329711914,JOR
2003,89.7689361572266,JOR
2004,90.9495468139649,JOR
2005,91.8302307128906,JOR
2006,,JOR
1970,,KWT
1971,,KWT
1972,,KWT
1973,,KWT
1974,,KWT
1975,,KWT
1976,,KWT
1977,,KWT
1978,,KWT
1979,,KWT
1980,97,KWT
1981,96.3000030517578,KWT
1982,96.0999984741211,KWT
1983,96,KWT
1984,96.5,KWT
1985,96.5,KWT
1986,96.0999984741211,KWT
1987,95.5999984741211,KWT
1988,96.6999969482422,KWT
1989,96.5,KWT
1990,94.3000030517578,KWT
1991,99.5999984741211,KWT
1992,98.3499984741211,KWT
1993,97.0999984741211,KWT
1994,96.5,KWT
1995,97,KWT
1996,97,KWT
1997,96.5,KWT
1998,96.5,KWT
1999,95.8000030517578,KWT
2000,96.1999969482422,KWT
2001,95.3307647705078,KWT
2002,94.4615325927734,KWT
2003,93.9039154052734,KWT
2004,93.9039154052734,KWT
2005,93.9039154052734,KWT
2006,,KWT
1970,,LBN
1971,,LBN
1972,,LBN
1973,,LBN
1974,,LBN
1975,,LBN
1976,,LBN
1977,,LBN
1978,,LBN
1979,,LBN
1980,,LBN
1981,,LBN
1982,,LBN
1983,,LBN
1984,,LBN
1985,,LBN
1986,,LBN
1987,,LBN
1988,,LBN
1989,,LBN
1990,,LBN
1991,,LBN
1992,,LBN
1993,,LBN
1994,,LBN
1995,95,LBN
1996,82.5,LBN
1997,83,LBN
1998,79,LBN
1999,87.4000015258789,LBN
2000,82.0999984741211,LBN
2001,91.6999969482422,LBN
2002,95.5,LBN
2003,95.1999969482422,LBN
2004,94.3000030517578,LBN
2005,94.5800018310547,LBN
2006,,LBN
1970,,OMN
1971,,OMN
1972,,OMN
1973,,OMN
1974,,OMN
1975,,OMN
1976,,OMN
1977,,OMN
1978,,OMN
1979,,OMN
1980,98.6999969482422,OMN
1981,98.5999984741211,OMN
1982,98.4000015258789,OMN
1983,97.3000030517578,OMN
1984,96.5,OMN
1985,96.0999984741211,OMN
1986,95.8000030517578,OMN
1987,96,OMN
1988,96.3000030517578,OMN
1989,96.5999984741211,OMN
1990,96.6999969482422,OMN
1991,96.6999969482422,OMN
1992,96.5999984741211,OMN
1993,97.1999969482422,OMN
1994,97.0999984741211,OMN
1995,97.0999984741211,OMN
1996,97.0999984741211,OMN
1997,97.5,OMN
1998,96.9000015258789,OMN
1999,95.0999984741211,OMN
2000,97.4000015258789,OMN
2001,96.7900924682617,OMN
2002,,OMN
2003,,OMN
2004,,OMN
2005,,OMN
2006,,OMN
1970,,SAU
1971,,SAU
1972,,SAU
1973,,SAU
1974,,SAU
1975,,SAU
1976,,SAU
1977,,SAU
1978,,SAU
1979,,SAU
1980,,SAU
1981,,SAU
1982,,SAU
1983,,SAU
1984,,SAU
1985,,SAU
1986,,SAU
1987,,SAU
1988,,SAU
1989,,SAU
1990,,SAU
1991,,SAU
1992,,SAU
1993,,SAU
1994,,SAU
1995,,SAU
1996,,SAU
1997,,SAU
1998,,SAU
1999,,SAU
2000,,SAU
2001,,SAU
2002,,SAU
2003,,SAU
2004,,SAU
2005,,SAU
2006,,SAU
1970,,SYR
1971,,SYR
1972,,SYR
1973,,SYR
1974,,SYR
1975,,SYR
1976,,SYR
1977,,SYR
1978,,SYR
1979,,SYR
1980,88.112060546875,SYR
1981,88.112060546875,SYR
1982,85.5500030517578,SYR
1983,86.4499969482422,SYR
1984,87.8499984741211,SYR
1985,86.75,SYR
1986,83.4000015258789,SYR
1987,84.4000015258789,SYR
1988,88.4499969482422,SYR
1989,86.9000015258789,SYR
1990,86.5500030517578,SYR
1991,85.0166625976563,SYR
1992,82.183334350586,SYR
1993,78.0500030517578,SYR
1994,79.2666625976563,SYR
1995,75.5833282470703,SYR
1996,74.6500015258789,SYR
1997,58.7000007629395,SYR
1998,59.7999992370606,SYR
1999,61.75,SYR
2000,61.4500007629395,SYR
2001,61.4500007629395,SYR
2002,61.4500007629395,SYR
2003,61.4500007629395,SYR
2004,72.4642868041992,SYR
2005,72.4642868041992,SYR
2006,,SYR
1970,,ARE
1971,,ARE
1972,,ARE
1973,,ARE
1974,,ARE
1975,,ARE
1976,,ARE
1977,,ARE
1978,,ARE
1979,,ARE
1980,,ARE
1981,,ARE
1982,,ARE
1983,,ARE
1984,,ARE
1985,,ARE
1986,,ARE
1987,,ARE
1988,,ARE
1989,,ARE
1990,,ARE
1991,,ARE
1992,,ARE
1993,,ARE
1994,,ARE
1995,,ARE
1996,,ARE
1997,,ARE
1998,,ARE
1999,,ARE
2000,,ARE
2001,,ARE
2002,,ARE
2003,,ARE
2004,,ARE
2005,,ARE
2006,,ARE
1970,,EGY
1971,,EGY
1972,,EGY
1973,,EGY
1974,,EGY
1975,,EGY
1976,,EGY
1977,,EGY
1978,,EGY
1979,,EGY
1980,63.3499984741211,EGY
1981,63.3499984741211,EGY
1982,61.0100021362305,EGY
1983,62.3199996948242,EGY
1984,63.2799987792969,EGY
1985,61.7900009155274,EGY
1986,59.4000015258789,EGY
1987,61.5999984741211,EGY
1988,62.1749992370606,EGY
1989,62.5499992370606,EGY
1990,70.6750030517578,EGY
1991,73,EGY
1992,72.8666687011719,EGY
1993,75.3833312988281,EGY
1994,76.0999984741211,EGY
1995,77.0999984741211,EGY
1996,79.75,EGY
1997,73.4499969482422,EGY
1998,73.75,EGY
1999,75.8499984741211,EGY
2000,76.3000030517578,EGY
2001,76.3000030517578,EGY
2002,82.7350997924805,EGY
2003,85.0894012451172,EGY
2004,92.8586120605469,EGY
2005,84.3046340942383,EGY
2006,,EGY
1970,,YEM
1971,,YEM
1972,,YEM
1973,,YEM
1974,,YEM
1975,,YEM
1976,,YEM
1977,,YEM
1978,,YEM
1979,,YEM
1980,74,YEM
1981,74,YEM
1982,75.6333312988281,YEM
1983,77.2666625976563,YEM
1984,78.9000015258789,YEM
1985,80.533332824707,YEM
1986,82.1666641235352,YEM
1987,83.8000030517578,YEM
1988,83.3777770996094,YEM
1989,82.9555511474609,YEM
1990,82.533332824707,YEM
1991,82.1111145019531,YEM
1992,81.6888885498047,YEM
1993,81.2666625976563,YEM
1994,80.8444442749024,YEM
1995,80.4222259521484,YEM
1996,80,YEM
1997,83.5500030517578,YEM
1998,87.0999984741211,YEM
1999,87.0999984741211,YEM
2000,87.0999984741211,YEM
2001,87.4000015258789,YEM
2002,87.4000015258789,YEM
2003,87.4000015258789,YEM
2004,87.4000015258789,YEM
2005,87.4000015258789,YEM
2006,,YEM
1970,,BGD
1971,,BGD
1972,,BGD
1973,,BGD
1974,,BGD
1975,,BGD
1976,,BGD
1977,,BGD
1978,,BGD
1979,,BGD
1980,35.0395965576172,BGD
1981,45.6639595031738,BGD
1982,45.9675140380859,BGD
1983,40.1999969482422,BGD
1984,43.1166648864746,BGD
1985,45.5833320617676,BGD
1986,48,BGD
1987,43.25,BGD
1988,37.5500030517578,BGD
1989,32.9499969482422,BGD
1990,33.0999984741211,BGD
1991,43.4500007629395,BGD
1992,60.25,BGD
1993,66,BGD
1994,70.9499969482422,BGD
1995,78.5999984741211,BGD
1996,80.3499984741211,BGD
1997,80.5999984741211,BGD
1998,81.0500030517578,BGD
1999,82.6500015258789,BGD
2000,84.4000015258789,BGD
2001,81.5085525512695,BGD
2002,80.9134368896484,BGD
2003,81.9084930419922,BGD
2004,81.4638061523438,BGD
2005,81.4638061523438,BGD
2006,,BGD
1970,,BTN
1971,,BTN
1972,,BTN
1973,,BTN
1974,,BTN
1975,,BTN
1976,,BTN
1977,,BTN
1978,,BTN
1979,,BTN
1980,99.8896789550781,BTN
1981,99.8896789550781,BTN
1982,99.8896789550781,BTN
1983,99.8896789550781,BTN
1984,99.776725769043,BTN
1985,99.8000030517578,BTN
1986,99.6999969482422,BTN
1987,99.6999969482422,BTN
1988,99.5,BTN
1989,99.8000030517578,BTN
1990,99.5,BTN
1991,99.4000015258789,BTN
1992,99.5999984741211,BTN
1993,99.1999969482422,BTN
1994,99,BTN
1995,99.5,BTN
1996,99.5,BTN
1997,99.4000015258789,BTN
1998,99.3000030517578,BTN
1999,99.3000030517578,BTN
2000,99.0999984741211,BTN
2001,,BTN
2002,,BTN
2003,,BTN
2004,,BTN
2005,,BTN
2006,,BTN
1970,,MMR
1971,,MMR
1972,,MMR
1973,,MMR
1974,,MMR
1975,,MMR
1976,,MMR
1977,,MMR
1978,,MMR
1979,,MMR
1980,90.4532470703125,MMR
1981,89.5363235473633,MMR
1982,89.1587677001953,MMR
1983,88.7272796630859,MMR
1984,86.8395004272461,MMR
1985,84.8977890014649,MMR
1986,87.9182281494141,MMR
1987,81.607666015625,MMR
1988,76.5915756225586,MMR
1989,61.7590446472168,MMR
1990,64.3479995727539,MMR
1991,18.3941268920898,MMR
1992,59.4397811889649,MMR
1993,71.2518615722656,MMR
1994,74.2183685302734,MMR
1995,74.5959243774414,MMR
1996,60.9500007629395,MMR
1997,64.5,MMR
1998,79.9000015258789,MMR
1999,77.4499969482422,MMR
2000,77.5500030517578,MMR
2001,80.8355484008789,MMR
2002,81.5911254882813,MMR
2003,78.9065017700195,MMR
2004,78.8681488037109,MMR
2005,78.9065017700195,MMR
2006,,MMR
1970,,KHM
1971,,KHM
1972,,KHM
1973,,KHM
1974,,KHM
1975,,KHM
1976,,KHM
1977,,KHM
1978,,KHM
1979,,KHM
1980,,KHM
1981,,KHM
1982,,KHM
1983,,KHM
1984,,KHM
1985,,KHM
1986,,KHM
1987,,KHM
1988,,KHM
1989,,KHM
1990,,KHM
1991,,KHM
1992,,KHM
1993,,KHM
1994,,KHM
1995,,KHM
1996,65,KHM
1997,82,KHM
1998,82,KHM
1999,82,KHM
2000,83,KHM
2001,83.0999984741211,KHM
2002,83.5,KHM
2003,83.5,KHM
2004,85.0999984741211,KHM
2005,85.0999984741211,KHM
2006,,KHM
1970,,LKA
1971,,LKA
1972,,LKA
1973,,LKA
1974,,LKA
1975,,LKA
1976,,LKA
1977,,LKA
1978,,LKA
1979,,LKA
1980,75.3759994506836,LKA
1981,78.4540023803711,LKA
1982,82.5579986572266,LKA
1983,74.3499984741211,LKA
1984,74.2249984741211,LKA
1985,76.4000015258789,LKA
1986,75.9250030517578,LKA
1987,76.3000030517578,LKA
1988,78.0500030517578,LKA
1989,75.9499969482422,LKA
1990,76.8499984741211,LKA
1991,78.5500030517578,LKA
1992,79.5999984741211,LKA
1993,81.8499984741211,LKA
1994,81.6500015258789,LKA
1995,85.0500030517578,LKA
1996,85.3000030517578,LKA
1997,85.6999969482422,LKA
1998,90.1500015258789,LKA
1999,90.9000015258789,LKA
2000,92.6500015258789,LKA
2001,92.9110412597656,LKA
2002,91.5019378662109,LKA
2003,91.5019378662109,LKA
2004,92.259033203125,LKA
2005,91.5482940673828,LKA
2006,,LKA
1970,,TWN
1971,,TWN
1972,,TWN
1973,,TWN
1974,,TWN
1975,,TWN
1976,,TWN
1977,,TWN
1978,,TWN
1979,,TWN
1980,,TWN
1981,,TWN
1982,,TWN
1983,,TWN
1984,,TWN
1985,,TWN
1986,,TWN
1987,,TWN
1988,,TWN
1989,,TWN
1990,,TWN
1991,,TWN
1992,,TWN
1993,,TWN
1994,,TWN
1995,,TWN
1996,,TWN
1997,,TWN
1998,,TWN
1999,,TWN
2000,,TWN
2001,,TWN
2002,,TWN
2003,,TWN
2004,,TWN
2005,,TWN
2006,,TWN
1970,,HKG
1971,,HKG
1972,,HKG
1973,,HKG
1974,,HKG
1975,,HKG
1976,,HKG
1977,,HKG
1978,,HKG
1979,,HKG
1980,100,HKG
1981,100,HKG
1982,100,HKG
1983,100,HKG
1984,100,HKG
1985,100,HKG
1986,100,HKG
1987,100,HKG
1988,100,HKG
1989,100,HKG
1990,100,HKG
1991,100,HKG
1992,100,HKG
1993,100,HKG
1994,100,HKG
1995,100,HKG
1996,100,HKG
1997,100,HKG
1998,100,HKG
1999,100,HKG
2000,100,HKG
2001,100,HKG
2002,99.8649826049805,HKG
2003,99.8703231811523,HKG
2004,100,HKG
2005,100,HKG
2006,,HKG
1970,,IND
1971,,IND
1972,,IND
1973,,IND
1974,,IND
1975,,IND
1976,,IND
1977,,IND
1978,,IND
1979,,IND
1980,52.8818435668945,IND
1981,45.5,IND
1982,41.2299995422363,IND
1983,38.0599975585938,IND
1984,33.4899978637695,IND
1985,27.2200012207031,IND
1986,21.25,IND
1987,20.8000030517578,IND
1988,32.5424957275391,IND
1989,34.9962463378906,IND
1990,33.9499969482422,IND
1991,37.0500030517578,IND
1992,53.9000015258789,IND
1993,61.1500015258789,IND
1994,62.0499992370606,IND
1995,65.1999969482422,IND
1996,66.9000015258789,IND
1997,70.5,IND
1998,74.0999984741211,IND
1999,71.5,IND
2000,74.5,IND
2001,76.0456314086914,IND
2002,74.8749465942383,IND
2003,75.5529022216797,IND
2004,78.4272918701172,IND
2005,86.4429779052735,IND
2006,,IND
1970,,IDN
1971,,IDN
1972,,IDN
1973,,IDN
1974,,IDN
1975,,IDN
1976,,IDN
1977,,IDN
1978,,IDN
1979,,IDN
1980,81.8921661376953,IDN
1981,81.9499969482422,IDN
1982,81.3000030517578,IDN
1983,80.75,IDN
1984,79.8000030517578,IDN
1985,84.3499984741211,IDN
1986,81.0500030517578,IDN
1987,88.6500015258789,IDN
1988,86.625,IDN
1989,84.6500015258789,IDN
1990,86.5500030517578,IDN
1991,87.6500015258789,IDN
1992,87.5500030517578,IDN
1993,87.8499984741211,IDN
1994,87.3300018310547,IDN
1995,91.8499984741211,IDN
1996,92.0500030517578,IDN
1997,92.3499984741211,IDN
1998,94.8499984741211,IDN
1999,94.6999969482422,IDN
2000,95,IDN
2001,94.9269409179688,IDN
2002,94.9219970703125,IDN
2003,94.4413452148438,IDN
2004,94.585807800293,IDN
2005,94.5468597412109,IDN
2006,,IDN
1970,,KOR
1971,,KOR
1972,,KOR
1973,,KOR
1974,,KOR
1975,,KOR
1976,,KOR
1977,,KOR
1978,,KOR
1979,,KOR
1980,84.1440811157227,KOR
1981,85.3796081542969,KOR
1982,84.3499984741211,KOR
1983,83.5500030517578,KOR
1984,84.75,KOR
1985,84.683334350586,KOR
1986,84.2666702270508,KOR
1987,83.5500030517578,KOR
1988,86.0999984741211,KOR
1989,88.9499969482422,KOR
1990,89.4000015258789,KOR
1991,91.4000015258789,KOR
1992,92.4000015258789,KOR
1993,93.3000030517578,KOR
1994,93.2750015258789,KOR
1995,93.0500030517578,KOR
1996,91,KOR
1997,91.1500015258789,KOR
1998,92.9000015258789,KOR
1999,91.620719909668,KOR
2000,91.876579284668,KOR
2001,92.0684661865234,KOR
2002,93.9873886108398,KOR
2003,94.3072052001953,KOR
2004,92.3179244995117,KOR
2005,92.3505477905274,KOR
2006,,KOR
1970,,LAO
1971,,LAO
1972,,LAO
1973,,LAO
1974,,LAO
1975,,LAO
1976,,LAO
1977,,LAO
1978,,LAO
1979,,LAO
1980,,LAO
1981,,LAO
1982,,LAO
1983,,LAO
1984,,LAO
1985,,LAO
1986,,LAO
1987,,LAO
1988,,LAO
1989,,LAO
1990,,LAO
1991,,LAO
1992,,LAO
1993,,LAO
1994,,LAO
1995,,LAO
1996,,LAO
1997,,LAO
1998,,LAO
1999,,LAO
2000,,LAO
2001,,LAO
2002,,LAO
2003,,LAO
2004,,LAO
2005,,LAO
2006,,LAO
1970,,MYS
1971,,MYS
1972,,MYS
1973,,MYS
1974,,MYS
1975,,MYS
1976,,MYS
1977,,MYS
1978,,MYS
1979,,MYS
1980,89.6829223632813,MYS
1981,90.5999984741211,MYS
1982,90.3300018310547,MYS
1983,89.4599990844727,MYS
1984,88.8899993896484,MYS
1985,88.2700042724609,MYS
1986,88.25,MYS
1987,90.0500030517578,MYS
1988,90.5500030517578,MYS
1989,88.9000015258789,MYS
1990,89.125,MYS
1991,89.3000030517578,MYS
1992,91.25,MYS
1993,90.8000030517578,MYS
1994,91.5500030517578,MYS
1995,94.0999984741211,MYS
1996,94,MYS
1997,93.5999984741211,MYS
1998,94.4258041381836,MYS
1999,93.4623641967774,MYS
2000,93.668815612793,MYS
2001,93.668815612793,MYS
2002,94.9763412475586,MYS
2003,94.2537612915039,MYS
2004,94.219352722168,MYS
2005,94.9694595336914,MYS
2006,,MYS
1970,,NPL
1971,,NPL
1972,,NPL
1973,,NPL
1974,,NPL
1975,,NPL
1976,,NPL
1977,,NPL
1978,,NPL
1979,,NPL
1980,85.7191772460938,NPL
1981,82.8424682617188,NPL
1982,85,NPL
1983,83.5500030517578,NPL
1984,83.0875015258789,NPL
1985,82.9749984741211,NPL
1986,83.1125030517578,NPL
1987,83.0999984741211,NPL
1988,81.9000015258789,NPL
1989,81.5749969482422,NPL
1990,82,NPL
1991,83.5749969482422,NPL
1992,83.9499969482422,NPL
1993,87.4000015258789,NPL
1994,89.0250015258789,NPL
1995,89.5999984741211,NPL
1996,88.3499984741211,NPL
1997,87.1999969482422,NPL
1998,86.8000030517578,NPL
1999,88.4499969482422,NPL
2000,88.25,NPL
2001,87.225227355957,NPL
2002,88.0512237548828,NPL
2003,88.1157684326172,NPL
2004,87.8709030151367,NPL
2005,86.9855651855469,NPL
2006,,NPL
1970,,PAK
1971,,PAK
1972,,PAK
1973,,PAK
1974,,PAK
1975,,PAK
1976,,PAK
1977,,PAK
1978,,PAK
1979,,PAK
1980,48.5195846557617,PAK
1981,44.6299514770508,PAK
1982,50.3499984741211,PAK
1983,49.1500015258789,PAK
1984,49.4500007629395,PAK
1985,49.2999992370606,PAK
1986,52.7000007629395,PAK
1987,50.3499984741211,PAK
1988,50.5999984741211,PAK
1989,53.4500007629395,PAK
1990,53.1999969482422,PAK
1991,54.7000007629395,PAK
1992,56.7000007629395,PAK
1993,59.9000015258789,PAK
1994,63.2000007629395,PAK
1995,63.6500015258789,PAK
1996,68.9499969482422,PAK
1997,66.9000015258789,PAK
1998,74.0500030517578,PAK
1999,78.8000030517578,PAK
2000,81.8000030517578,PAK
2001,84.5658721923828,PAK
2002,86.0836944580078,PAK
2003,86.6474761962891,PAK
2004,87.0687408447266,PAK
2005,88.8669281005859,PAK
2006,,PAK
1970,,PHL
1971,,PHL
1972,,PHL
1973,,PHL
1974,,PHL
1975,,PHL
1976,,PHL
1977,,PHL
1978,,PHL
1979,,PHL
1980,71.0500030517578,PHL
1981,74.0500030517578,PHL
1982,75.1999969482422,PHL
1983,75.3000030517578,PHL
1984,77.6500015258789,PHL
1985,77.9000015258789,PHL
1986,77.8499984741211,PHL
1987,76.8000030517578,PHL
1988,78.8000030517578,PHL
1989,77.6999969482422,PHL
1990,78.3000030517578,PHL
1991,77.25,PHL
1992,78,PHL
1993,80.0999984741211,PHL
1994,81.9000015258789,PHL
1995,82.8000030517578,PHL
1996,86.5999984741211,PHL
1997,88.8000030517578,PHL
1998,91.5,PHL
1999,91.1500015258789,PHL
2000,92.3499984741211,PHL
2001,92.5492095947266,PHL
2002,92.9984359741211,PHL
2003,93.7301483154297,PHL
2004,92.751220703125,PHL
2005,92.7628173828125,PHL
2006,,PHL
1970,,SGP
1971,,SGP
1972,,SGP
1973,,SGP
1974,,SGP
1975,,SGP
1976,,SGP
1977,,SGP
1978,,SGP
1979,,SGP
1980,99.4000015258789,SGP
1981,99.466667175293,SGP
1982,99.4000015258789,SGP
1983,99.4000015258789,SGP
1984,99.4000015258789,SGP
1985,99.5,SGP
1986,99.5500030517578,SGP
1987,99.5500030517578,SGP
1988,99.5999984741211,SGP
1989,99.5999984741211,SGP
1990,99.5999984741211,SGP
1991,99.5999984741211,SGP
1992,99.5999984741211,SGP
1993,99.6500015258789,SGP
1994,99.6500015258789,SGP
1995,99.6999969482422,SGP
1996,99.6500015258789,SGP
1997,99.6999969482422,SGP
1998,99.8499984741211,SGP
1999,99.8499984741211,SGP
2000,99.8499984741211,SGP
2001,99.8356704711914,SGP
2002,99.8152236938477,SGP
2003,99.9958877563477,SGP
2004,99.995246887207,SGP
2005,99.995246887207,SGP
2006,,SGP
1970,,THA
1971,,THA
1972,,THA
1973,,THA
1974,,THA
1975,,THA
1976,,THA
1977,,THA
1978,,THA
1979,,THA
1980,78.5858383178711,THA
1981,78.1999969482422,THA
1982,77.0374984741211,THA
1983,75.5749969482422,THA
1984,73.4625015258789,THA
1985,72.6999969482422,THA
1986,72.1151657104492,THA
1987,72.6303329467774,THA
1988,72.0955047607422,THA
1989,73.8000030517578,THA
1990,74.25,THA
1991,75.9000015258789,THA
1992,73.6179962158203,THA
1993,72.25,THA
1994,83.6500015258789,THA
1995,84.4499969482422,THA
1996,86.0749969482422,THA
1997,88.4000015258789,THA
1998,87.75,THA
1999,89.5,THA
2000,89.5999984741211,THA
2001,90.1016693115234,THA
2002,90.5851974487305,THA
2003,90.2037200927734,THA
2004,91.3028717041016,THA
2005,92.8729629516602,THA
2006,,THA
1970,,VNM
1971,,VNM
1972,,VNM
1973,,VNM
1974,,VNM
1975,,VNM
1976,,VNM
1977,,VNM
1978,,VNM
1979,,VNM
1980,,VNM
1981,,VNM
1982,,VNM
1983,,VNM
1984,,VNM
1985,,VNM
1986,,VNM
1987,,VNM
1988,,VNM
1989,,VNM
1990,,VNM
1991,,VNM
1992,89,VNM
1993,88.1500015258789,VNM
1994,87.3000030517578,VNM
1995,87.1999969482422,VNM
1996,87.6999969482422,VNM
1997,87,VNM
1998,87,VNM
1999,84.8000030517578,VNM
2000,84.9000015258789,VNM
2001,85,VNM
2002,83.5,VNM
2003,83.8000030517578,VNM
2004,83.1800003051758,VNM
2005,81.5,VNM
2006,,VNM
1970,,DZA
1971,,DZA
1972,,DZA
1973,,DZA
1974,,DZA
1975,,DZA
1976,,DZA
1977,,DZA
1978,,DZA
1979,,DZA
1980,77.7863616943359,DZA
1981,72.8499984741211,DZA
1982,77.0833282470703,DZA
1983,80.3166656494141,DZA
1984,83.5500030517578,DZA
1985,83.5500030517578,DZA
1986,79.75,DZA
1987,77.4499969482422,DZA
1988,80.3499984741211,DZA
1989,81.0999984741211,DZA
1990,80.7333374023438,DZA
1991,80.8166656494141,DZA
1992,81,DZA
1993,80.6999969482422,DZA
1994,80.4625015258789,DZA
1995,79.2750015258789,DZA
1996,78.7874984741211,DZA
1997,78.9499969482422,DZA
1998,80.25,DZA
1999,79.9499969482422,DZA
2000,82,DZA
2001,82,DZA
2002,82.9873428344727,DZA
2003,84.4303817749024,DZA
2004,85.7746810913086,DZA
2005,84.0506286621094,DZA
2006,,DZA
1970,,AGO
1971,,AGO
1972,,AGO
1973,,AGO
1974,,AGO
1975,,AGO
1976,,AGO
1977,,AGO
1978,,AGO
1979,,AGO
1980,,AGO
1981,,AGO
1982,,AGO
1983,,AGO
1984,,AGO
1985,,AGO
1986,,AGO
1987,,AGO
1988,,AGO
1989,,AGO
1990,,AGO
1991,,AGO
1992,,AGO
1993,,AGO
1994,,AGO
1995,,AGO
1996,,AGO
1997,81,AGO
1998,73,AGO
1999,73,AGO
2000,78,AGO
2001,79.5,AGO
2002,89.1999969482422,AGO
2003,89.1999969482422,AGO
2004,89.1999969482422,AGO
2005,92.5999984741211,AGO
2006,,AGO
1970,,BWA
1971,,BWA
1972,,BWA
1973,,BWA
1974,,BWA
1975,,BWA
1976,,BWA
1977,,BWA
1978,,BWA
1979,,BWA
1980,82.8403625488281,BWA
1981,85.6740646362305,BWA
1982,84.8082122802734,BWA
1983,81.6596603393555,BWA
1984,83.6275024414063,BWA
1985,87.4057769775391,BWA
1986,86.6186370849609,BWA
1987,86.3037796020508,BWA
1988,87.1696319580078,BWA
1989,88.350341796875,BWA
1990,87.4057769775391,BWA
1991,81.5022277832031,BWA
1992,76.3071136474609,BWA
1993,81.5809478759766,BWA
1994,84.7294998168945,BWA
1995,75.6999969482422,BWA
1996,85.1999969482422,BWA
1997,85.8499984741211,BWA
1998,84.9000015258789,BWA
1999,81.3000030517578,BWA
2000,81.5,BWA
2001,81.5,BWA
2002,82.65625,BWA
2003,83.5234375,BWA
2004,88.4808578491211,BWA
2005,88.8421859741211,BWA
2006,,BWA
1970,,BDI
1971,,BDI
1972,,BDI
1973,,BDI
1974,,BDI
1975,,BDI
1976,,BDI
1977,,BDI
1978,,BDI
1979,,BDI
1980,70.8761367797852,BDI
1981,74.7784881591797,BDI
1982,74.2313079833984,BDI
1983,75.7061157226563,BDI
1984,73.1684188842774,BDI
1985,72.1100006103516,BDI
1986,70.1999969482422,BDI
1987,68.5749969482422,BDI
1988,72.8499984741211,BDI
1989,72.3499984741211,BDI
1990,78.5999984741211,BDI
1991,79.0500030517578,BDI
1992,83.9000015258789,BDI
1993,88.0500030517578,BDI
1994,85.1333312988281,BDI
1995,78.1166687011719,BDI
1996,71.1999969482422,BDI
1997,75.5500030517578,BDI
1998,69.75,BDI
1999,69.4000015258789,BDI
2000,68.1999969482422,BDI
2001,72.8536605834961,BDI
2002,71.4575653076172,BDI
2003,72.8536605834961,BDI
2004,77.119514465332,BDI
2005,85.1238021850586,BDI
2006,,BDI
1970,,CMR
1971,,CMR
1972,,CMR
1973,,CMR
1974,,CMR
1975,,CMR
1976,,CMR
1977,,CMR
1978,,CMR
1979,,CMR
1980,77.5186614990234,CMR
1981,75.4000015258789,CMR
1982,74.9416656494141,CMR
1983,74.5833358764649,CMR
1984,71.4250030517578,CMR
1985,73.5166625976563,CMR
1986,78.3083343505859,CMR
1987,76.5500030517578,CMR
1988,79.8499984741211,CMR
1989,80.9499969482422,CMR
1990,83.0500030517578,CMR
1991,81.3499984741211,CMR
1992,77.1999969482422,CMR
1993,81,CMR
1994,85.5,CMR
1995,85.25,CMR
1996,85.8000030517578,CMR
1997,85.5999984741211,CMR
1998,84.6999969482422,CMR
1999,84.9000015258789,CMR
2000,85.5500030517578,CMR
2001,85.7868804931641,CMR
2002,85.7868804931641,CMR
2003,85.7868804931641,CMR
2004,85.7474060058594,CMR
2005,84.9183044433594,CMR
2006,,CMR
1970,,CAF
1971,,CAF
1972,,CAF
1973,,CAF
1974,,CAF
1975,,CAF
1976,,CAF
1977,,CAF
1978,,CAF
1979,,CAF
1980,65.2162170410156,CAF
1981,68.3783798217774,CAF
1982,68.6945953369141,CAF
1983,79.1297302246094,CAF
1984,74.3864898681641,CAF
1985,72.4891891479492,CAF
1986,76.5999984741211,CAF
1987,77.4944458007813,CAF
1988,77.3888854980469,CAF
1989,78.4833374023438,CAF
1990,75.6277770996094,CAF
1991,76.1722259521484,CAF
1992,78.466667175293,CAF
1993,80.1611099243164,CAF
1994,84.1055526733399,CAF
1995,80.6500015258789,CAF
1996,83.4499969482422,CAF
1997,81.5999984741211,CAF
1998,80.3000030517578,CAF
1999,81.4499969482422,CAF
2000,80.0500030517578,CAF
2001,80.6800003051758,CAF
2002,80.6800003051758,CAF
2003,80.0500030517578,CAF
2004,80.0500030517578,CAF
2005,81.0475006103516,CAF
2006,,CAF
1970,,TCD
1971,,TCD
1972,,TCD
1973,,TCD
1974,,TCD
1975,,TCD
1976,,TCD
1977,,TCD
1978,,TCD
1979,,TCD
1980,84.8228530883789,TCD
1981,84.8228530883789,TCD
1982,84.8228530883789,TCD
1983,84.8228530883789,TCD
1984,83.1771392822266,TCD
1985,86.2857131958008,TCD
1986,85.0057144165039,TCD
1987,87.0171432495117,TCD
1988,82.2628555297852,TCD
1989,84.8228607177734,TCD
1990,82.0800018310547,TCD
1991,88.2971420288086,TCD
1992,87.1999969482422,TCD
1993,90.1257171630859,TCD
1994,92.3199996948242,TCD
1995,87.1999969482422,TCD
1996,83.8499984741211,TCD
1997,84.0999984741211,TCD
1998,81.5999984741211,TCD
1999,82.9499969482422,TCD
2000,84.4499969482422,TCD
2001,87.0416641235352,TCD
2002,84.7548980712891,TCD
2003,84.7548980712891,TCD
2004,84.7548980712891,TCD
2005,86.2413024902344,TCD
2006,,TCD
1970,,COG
1971,,COG
1972,,COG
1973,,COG
1974,,COG
1975,,COG
1976,,COG
1977,,COG
1978,,COG
1979,,COG
1980,78.2933349609375,COG
1981,83.7200012207031,COG
1982,75.9911117553711,COG
1983,81.0888900756836,COG
1984,77.8000030517578,COG
1985,80.5955581665039,COG
1986,71.8800048828125,COG
1987,68.4266662597656,COG
1988,73.3600006103516,COG
1989,74.8399963378906,COG
1990,72.2088928222656,COG
1991,60.0400009155274,COG
1992,47.5422210693359,COG
1993,57.4088897705078,COG
1994,85.1999969482422,COG
1995,82.8000030517578,COG
1996,80.9000015258789,COG
1997,86.5999984741211,COG
1998,86.8499984741211,COG
1999,87.1500015258789,COG
2000,89.9499969482422,COG
2001,85.0836181640625,COG
2002,86.2221527099609,COG
2003,85.7268905639648,COG
2004,84.9339370727539,COG
2005,85.6872406005859,COG
2006,,COG
1970,,COD
1971,,COD
1972,,COD
1973,,COD
1974,,COD
1975,,COD
1976,,COD
1977,,COD
1978,,COD
1979,,COD
1980,76.4000015258789,COD
1981,76.4000015258789,COD
1982,76.3333358764649,COD
1983,76.2666625976563,COD
1984,76.1999969482422,COD
1985,76.9000015258789,COD
1986,77.5999984741211,COD
1987,77.5999984741211,COD
1988,78.4499969482422,COD
1989,79.3000030517578,COD
1990,75.3000030517578,COD
1991,72.9499969482422,COD
1992,70.5999984741211,COD
1993,68.25,COD
1994,65.9000015258789,COD
1995,74.1500015258789,COD
1996,82.4000015258789,COD
1997,84.8000030517578,COD
1998,86,COD
1999,84.8000030517578,COD
2000,84.4000015258789,COD
2001,84.4000015258789,COD
2002,84.4000015258789,COD
2003,84.4000015258789,COD
2004,88,COD
2005,88,COD
2006,,COD
1970,,BEN
1971,,BEN
1972,,BEN
1973,,BEN
1974,,BEN
1975,,BEN
1976,,BEN
1977,,BEN
1978,,BEN
1979,,BEN
1980,39.9825744628906,BEN
1981,63.198486328125,BEN
1982,60.6189422607422,BEN
1983,54.2560615539551,BEN
1984,67.3257598876953,BEN
1985,65.9499969482422,BEN
1986,65.9499969482422,BEN
1987,71.3000030517578,BEN
1988,68.1500015258789,BEN
1989,70.4499969482422,BEN
1990,67.0999984741211,BEN
1991,73.1999969482422,BEN
1992,70.5500030517578,BEN
1993,69.75,BEN
1994,81.8000030517578,BEN
1995,86.0999984741211,BEN
1996,90.25,BEN
1997,90,BEN
1998,91.25,BEN
1999,89.75,BEN
2000,87.6500015258789,BEN
2001,87.0325012207031,BEN
2002,87.1207122802734,BEN
2003,87.2089309692383,BEN
2004,89.4231109619141,BEN
2005,87.2089309692383,BEN
2006,,BEN
1970,,ETH
1971,,ETH
1972,,ETH
1973,,ETH
1974,,ETH
1975,,ETH
1976,,ETH
1977,,ETH
1978,,ETH
1979,,ETH
1980,79.3616027832031,ETH
1981,79.9000015258789,ETH
1982,79.3571472167969,ETH
1983,79.5142822265625,ETH
1984,80.2714309692383,ETH
1985,80.3785705566406,ETH
1986,79.3357162475586,ETH
1987,79.0428619384766,ETH
1988,80.1500015258789,ETH
1989,77.7600021362305,ETH
1990,77.370002746582,ETH
1991,73.2799987792969,ETH
1992,76.9400024414063,ETH
1993,75.0500030517578,ETH
1994,77.9499969482422,ETH
1995,77.1999969482422,ETH
1996,77.5,ETH
1997,80.3000030517578,ETH
1998,83.6500015258789,ETH
1999,80.9000015258789,ETH
2000,79.1500015258789,ETH
2001,79.7939910888672,ETH
2002,77.3379745483399,ETH
2003,75.0981292724609,ETH
2004,76.9427032470703,ETH
2005,77.7332458496094,ETH
2006,,ETH
1970,,GAB
1971,,GAB
1972,,GAB
1973,,GAB
1974,,GAB
1975,,GAB
1976,,GAB
1977,,GAB
1978,,GAB
1979,,GAB
1980,59.5490951538086,GAB
1981,70.21630859375,GAB
1982,67.3646697998047,GAB
1983,70.8499984741211,GAB
1984,72.2230072021484,GAB
1985,72.6454696655274,GAB
1986,71.4836959838867,GAB
1987,71.3780822753906,GAB
1988,72.7510833740234,GAB
1989,71.6949310302734,GAB
1990,73.9128570556641,GAB
1991,68.1039886474609,GAB
1992,72.1173934936524,GAB
1993,70.8499984741211,GAB
1994,80.4250030517578,GAB
1995,82,GAB
1996,83.4000015258789,GAB
1997,82.5500030517578,GAB
1998,82,GAB
1999,83.0999984741211,GAB
2000,82.8000030517578,GAB
2001,83.623405456543,GAB
2002,83.2574462890625,GAB
2003,81.7021255493164,GAB
2004,81.7021255493164,GAB
2005,83.4861679077149,GAB
2006,,GAB
1970,,GMB
1971,,GMB
1972,,GMB
1973,,GMB
1974,,GMB
1975,,GMB
1976,,GMB
1977,,GMB
1978,,GMB
1979,,GMB
1980,63.8586502075195,GMB
1981,60.4423065185547,GMB
1982,39.5846176147461,GMB
1983,39.7644233703613,GMB
1984,53.25,GMB
1985,14.0519256591797,GMB
1986,27.1778869628906,GMB
1987,37.7865447998047,GMB
1988,46.4173126220703,GMB
1989,71.5903854370117,GMB
1990,75.0067291259766,GMB
1991,79.1423034667969,GMB
1992,77.7038421630859,GMB
1993,85.6153869628906,GMB
1994,86.1548080444336,GMB
1995,87.413459777832,GMB
1996,90.6500015258789,GMB
1997,90.3000030517578,GMB
1998,90.1999969482422,GMB
1999,89.8000030517578,GMB
2000,89.25,GMB
2001,89.25,GMB
2002,89.25,GMB
2003,88.5279846191406,GMB
2004,88.5279846191406,GMB
2005,88.5279846191406,GMB
2006,,GMB
1970,,GHA
1971,,GHA
1972,,GHA
1973,,GHA
1974,,GHA
1975,,GHA
1976,,GHA
1977,,GHA
1978,,GHA
1979,,GHA
1980,82.2132110595703,GHA
1981,70.0858459472656,GHA
1982,57.1500015258789,GHA
1983,27.8000030517578,GHA
1984,76.5999984741211,GHA
1985,75.9000015258789,GHA
1986,80.9000015258789,GHA
1987,83.75,GHA
1988,87.5,GHA
1989,86.5999984741211,GHA
1990,86.6999969482422,GHA
1991,86.5500030517578,GHA
1992,87.0999984741211,GHA
1993,87.6500015258789,GHA
1994,87,GHA
1995,87.4499969482422,GHA
1996,88.5,GHA
1997,88.4000015258789,GHA
1998,89.0999984741211,GHA
1999,89.75,GHA
2000,89.8000030517578,GHA
2001,86.5832214355469,GHA
2002,85.1650619506836,GHA
2003,84.7195434570313,GHA
2004,85.4126892089844,GHA
2005,85.4015502929688,GHA
2006,,GHA
1970,,GNB
1971,,GNB
1972,,GNB
1973,,GNB
1974,,GNB
1975,,GNB
1976,,GNB
1977,,GNB
1978,,GNB
1979,,GNB
1980,,GNB
1981,,GNB
1982,,GNB
1983,,GNB
1984,,GNB
1985,,GNB
1986,,GNB
1987,,GNB
1988,,GNB
1989,,GNB
1990,,GNB
1991,,GNB
1992,,GNB
1993,,GNB
1994,,GNB
1995,,GNB
1996,72.1999969482422,GNB
1997,72.1999969482422,GNB
1998,72.1999969482422,GNB
1999,72.1999969482422,GNB
2000,85.9000015258789,GNB
2001,85.9000015258789,GNB
2002,85.5,GNB
2003,85.5,GNB
2004,85.5,GNB
2005,85.5,GNB
2006,,GNB
1970,,GIN
1971,,GIN
1972,,GIN
1973,,GIN
1974,,GIN
1975,,GIN
1976,,GIN
1977,,GIN
1978,,GIN
1979,,GIN
1980,14.2158813476563,GIN
1981,26.8477020263672,GIN
1982,39.4795265197754,GIN
1983,52.1113510131836,GIN
1984,64.7431793212891,GIN
1985,77.375,GIN
1986,93.75,GIN
1987,93.6166687011719,GIN
1988,93.8333358764648,GIN
1989,93.8499984741211,GIN
1990,90.4000015258789,GIN
1991,90.3666687011719,GIN
1992,90.2333374023438,GIN
1993,90.4499969482422,GIN
1994,89.75,GIN
1995,88.0500030517578,GIN
1996,88.1500015258789,GIN
1997,86.1500015258789,GIN
1998,87,GIN
1999,86.75,GIN
2000,87.4000015258789,GIN
2001,87.4000015258789,GIN
2002,87.4000015258789,GIN
2003,87.4000015258789,GIN
2004,87.4000015258789,GIN
2005,90.9786987304688,GIN
2006,,GIN
1970,,CIV
1971,,CIV
1972,,CIV
1973,,CIV
1974,,CIV
1975,,CIV
1976,,CIV
1977,,CIV
1978,,CIV
1979,,CIV
1980,71.4499969482422,CIV
1981,68.9000015258789,CIV
1982,70.4499969482422,CIV
1983,72.3000030517578,CIV
1984,73.1999969482422,CIV
1985,70.9000015258789,CIV
1986,75.0500030517578,CIV
1987,76.5999984741211,CIV
1988,75.4000015258789,CIV
1989,73.4000015258789,CIV
1990,77.4000015258789,CIV
1991,75.9000015258789,CIV
1992,79,CIV
1993,80.8499984741211,CIV
1994,83.1999969482422,CIV
1995,84.3000030517578,CIV
1996,83.75,CIV
1997,84.8000030517578,CIV
1998,85.3000030517578,CIV
1999,86.0999984741211,CIV
2000,89.0999984741211,CIV
2001,89.0069961547852,CIV
2002,89.6016082763672,CIV
2003,89.1795196533203,CIV
2004,89.1048965454102,CIV
2005,89.1048965454102,CIV
2006,,CIV
1970,,KEN
1971,,KEN
1972,,KEN
1973,,KEN
1974,,KEN
1975,,KEN
1976,,KEN
1977,,KEN
1978,,KEN
1979,,KEN
1980,76.2857131958008,KEN
1981,65.5714263916016,KEN
1982,69,KEN
1983,68.0500030517578,KEN
1984,70.5999984741211,KEN
1985,69.625,KEN
1986,69.9499969482422,KEN
1987,70.1500015258789,KEN
1988,70.6500015258789,KEN
1989,73.75,KEN
1990,71.1999969482422,KEN
1991,77.5999984741211,KEN
1992,76.3000030517578,KEN
1993,75.1999969482422,KEN
1994,74.3499984741211,KEN
1995,81.1999969482422,KEN
1996,85.5500030517578,KEN
1997,83.3499984741211,KEN
1998,82.3000030517578,KEN
1999,83.5,KEN
2000,86.1500015258789,KEN
2001,87.3259735107422,KEN
2002,89.640251159668,KEN
2003,89.149528503418,KEN
2004,89.640251159668,KEN
2005,92.9662780761719,KEN
2006,,KEN
1970,,LSO
1971,,LSO
1972,,LSO
1973,,LSO
1974,,LSO
1975,,LSO
1976,,LSO
1977,,LSO
1978,,LSO
1979,,LSO
1980,81.8015747070313,LSO
1981,84.7503967285156,LSO
1982,86.6039352416992,LSO
1983,82.7283477783203,LSO
1984,79.5267715454102,LSO
1985,80.8748016357422,LSO
1986,84.2448806762695,LSO
1987,85.5929107666016,LSO
1988,87.1094512939453,LSO
1989,85.6771697998047,LSO
1990,82.8125991821289,LSO
1991,83.9078750610352,LSO
1992,82.6440963745117,LSO
1993,77.8417358398438,LSO
1994,75.3984222412109,LSO
1995,78.5999984741211,LSO
1996,81,LSO
1997,81.8499984741211,LSO
1998,81.5500030517578,LSO
1999,80,LSO
2000,82.4000015258789,LSO
2001,82.5301513671875,LSO
2002,83.060302734375,LSO
2003,83.4904632568359,LSO
2004,83.6206130981445,LSO
2005,88.9079971313477,LSO
2006,,LSO
1970,,LBY
1971,,LBY
1972,,LBY
1973,,LBY
1974,,LBY
1975,,LBY
1976,,LBY
1977,,LBY
1978,,LBY
1979,,LBY
1980,,LBY
1981,,LBY
1982,,LBY
1983,,LBY
1984,,LBY
1985,,LBY
1986,,LBY
1987,,LBY
1988,,LBY
1989,,LBY
1990,,LBY
1991,,LBY
1992,,LBY
1993,,LBY
1994,,LBY
1995,,LBY
1996,,LBY
1997,,LBY
1998,,LBY
1999,,LBY
2000,,LBY
2001,,LBY
2002,,LBY
2003,,LBY
2004,,LBY
2005,,LBY
2006,,LBY
1970,,MDG
1971,,MDG
1972,,MDG
1973,,MDG
1974,,MDG
1975,,MDG
1976,,MDG
1977,,MDG
1978,,MDG
1979,,MDG
1980,88.391487121582,MDG
1981,89.6446838378906,MDG
1982,87.9297866821289,MDG
1983,87.9957427978516,MDG
1984,89.5127639770508,MDG
1985,86.6106414794922,MDG
1986,87.5999984741211,MDG
1987,86.3249969482422,MDG
1988,85.6999969482422,MDG
1989,87.542854309082,MDG
1990,88.9857177734375,MDG
1991,91.2285690307617,MDG
1992,88.1714324951172,MDG
1993,87.7142868041992,MDG
1994,90.5571441650391,MDG
1995,90.4000015258789,MDG
1996,87.75,MDG
1997,88.5,MDG
1998,89.0999984741211,MDG
1999,88.9000015258789,MDG
2000,91.5,MDG
2001,92.1273193359375,MDG
2002,91.1063842773438,MDG
2003,84.2362289428711,MDG
2004,84.2362289428711,MDG
2005,89.7371292114258,MDG
2006,,MDG
1970,,MWI
1971,,MWI
1972,,MWI
1973,,MWI
1974,,MWI
1975,,MWI
1976,,MWI
1977,,MWI
1978,,MWI
1979,,MWI
1980,83.6017379760742,MWI
1981,77.5500030517578,MWI
1982,77.7333374023438,MWI
1983,78.2666625976563,MWI
1984,75.5999984741211,MWI
1985,79.3000030517578,MWI
1986,74,MWI
1987,80.5999984741211,MWI
1988,83.3499984741211,MWI
1989,78.5,MWI
1990,81.1999969482422,MWI
1991,79.3105010986328,MWI
1992,75.9710006713867,MWI
1993,75.25,MWI
1994,85.4000015258789,MWI
1995,85.5999984741211,MWI
1996,83.0999984741211,MWI
1997,81.6999969482422,MWI
1998,85.8000030517578,MWI
1999,87.6999969482422,MWI
2000,89.6999969482422,MWI
2001,89.5462646484375,MWI
2002,89.6999969482422,MWI
2003,89.6999969482422,MWI
2004,89.6999969482422,MWI
2005,89.6999969482422,MWI
2006,,MWI
1970,,MLI
1971,,MLI
1972,,MLI
1973,,MLI
1974,,MLI
1975,,MLI
1976,,MLI
1977,,MLI
1978,,MLI
1979,,MLI
1980,95.1600036621094,MLI
1981,93.8290023803711,MLI
1982,92.9820022583008,MLI
1983,93.1029968261719,MLI
1984,95.8255004882812,MLI
1985,96.4304962158203,MLI
1986,88.9284973144531,MLI
1987,87.5975036621094,MLI
1988,93.7080001831055,MLI
1989,92.921501159668,MLI
1990,93.5869979858398,MLI
1991,86.8714981079102,MLI
1992,86.5690002441406,MLI
1993,84.9355010986328,MLI
1994,90.1989974975586,MLI
1995,82.4499969482422,MLI
1996,80.75,MLI
1997,80.1500015258789,MLI
1998,79.1500015258789,MLI
1999,81.9000015258789,MLI
2000,86.5500030517578,MLI
2001,84.5084838867188,MLI
2002,82.4669647216797,MLI
2003,82.4669647216797,MLI
2004,85.6012954711914,MLI
2005,82.5870513916016,MLI
2006,,MLI
1970,,MRT
1971,,MRT
1972,,MRT
1973,,MRT
1974,,MRT
1975,,MRT
1976,,MRT
1977,,MRT
1978,,MRT
1979,,MRT
1980,78.7396850585938,MRT
1981,83.4801635742188,MRT
1982,80.463493347168,MRT
1983,80.0325393676758,MRT
1984,81.9000015258789,MRT
1985,81.1500015258789,MRT
1986,83.1500015258789,MRT
1987,84.9499969482422,MRT
1988,84.3000030517578,MRT
1989,85.5,MRT
1990,76.9000015258789,MRT
1991,76.1500015258789,MRT
1992,76.75,MRT
1993,76.6999969482422,MRT
1994,75.3499984741211,MRT
1995,83.6500015258789,MRT
1996,84.2750015258789,MRT
1997,84.8499984741211,MRT
1998,85.8000030517578,MRT
1999,88.7545547485352,MRT
2000,89.8607482910156,MRT
2001,91.11767578125,MRT
2002,88.2686309814453,MRT
2003,88.2686309814453,MRT
2004,88.2686309814453,MRT
2005,93.1287689208984,MRT
2006,,MRT
1970,,MUS
1971,,MUS
1972,,MUS
1973,,MUS
1974,,MUS
1975,,MUS
1976,,MUS
1977,,MUS
1978,,MUS
1979,,MUS
1980,75.0732116699219,MUS
1981,74.1500015258789,MUS
1982,74.4000015258789,MUS
1983,71.25,MUS
1984,71.9000015258789,MUS
1985,71.5500030517578,MUS
1986,68.8499984741211,MUS
1987,71.6500015258789,MUS
1988,74.875,MUS
1989,77.9499969482422,MUS
1990,77.7099990844727,MUS
1991,76.4700012207031,MUS
1992,76.8300018310547,MUS
1993,77.1900024414063,MUS
1994,77.0999984741211,MUS
1995,77.5999984741211,MUS
1996,79.1500015258789,MUS
1997,78.9499969482422,MUS
1998,77.8499984741211,MUS
1999,84.8499984741211,MUS
2000,83.3000030517578,MUS
2001,85.0273971557617,MUS
2002,86.1493377685547,MUS
2003,86.2544174194336,MUS
2004,86.2849731445313,MUS
2005,95.0386047363281,MUS
2006,,MUS
1970,,MAR
1971,,MAR
1972,,MAR
1973,,MAR
1974,,MAR
1975,,MAR
1976,,MAR
1977,,MAR
1978,,MAR
1979,,MAR
1980,59.2975616455078,MAR
1981,63.6585388183594,MAR
1982,62.75,MAR
1983,72.9000015258789,MAR
1984,76.4499969482422,MAR
1985,78.8000030517578,MAR
1986,80,MAR
1987,81.1500015258789,MAR
1988,78.0999984741211,MAR
1989,78.0500030517578,MAR
1990,78.1500015258789,MAR
1991,77.9000015258789,MAR
1992,78.0999984741211,MAR
1993,78.9499969482422,MAR
1994,79,MAR
1995,80.8499984741211,MAR
1996,79.9499969482422,MAR
1997,72.5999984741211,MAR
1998,72.6999969482422,MAR
1999,73,MAR
2000,75.2806549072266,MAR
2001,75.4277954101563,MAR
2002,76.7520446777344,MAR
2003,76.8256149291992,MAR
2004,77.8555908203125,MAR
2005,80.8719329833984,MAR
2006,,MAR
1970,,MOZ
1971,,MOZ
1972,,MOZ
1973,,MOZ
1974,,MOZ
1975,,MOZ
1976,,MOZ
1977,,MOZ
1978,,MOZ
1979,,MOZ
1980,84.283332824707,MOZ
1981,87.4266662597656,MOZ
1982,90.8433303833008,MOZ
1983,86.196662902832,MOZ
1984,89.0666656494141,MOZ
1985,88.520004272461,MOZ
1986,89.75,MOZ
1987,87.6999969482422,MOZ
1988,89.0641403198242,MOZ
1989,87.2282867431641,MOZ
1990,88.0424270629883,MOZ
1991,87.5565719604492,MOZ
1992,86.8707122802734,MOZ
1993,84.9348602294922,MOZ
1994,85.7490005493164,MOZ
1995,86.5500030517578,MOZ
1996,87.9499969482422,MOZ
1997,86.5,MOZ
1998,86.3499984741211,MOZ
1999,89.0500030517578,MOZ
2000,89.0500030517578,MOZ
2001,89.0500030517578,MOZ
2002,89.3673934936524,MOZ
2003,89.0500030517578,MOZ
2004,91.1923904418945,MOZ
2005,91.1923904418945,MOZ
2006,,MOZ
1970,,NER
1971,,NER
1972,,NER
1973,,NER
1974,,NER
1975,,NER
1976,,NER
1977,,NER
1978,,NER
1979,,NER
1980,80.6979217529297,NER
1981,80.0166702270508,NER
1982,85.2395858764649,NER
1983,80.357292175293,NER
1984,80.1302108764648,NER
1985,81.7197875976563,NER
1986,81.6062469482422,NER
1987,84.671875,NER
1988,84.5583343505859,NER
1989,83.9906234741211,NER
1990,83.0822906494141,NER
1991,85.0124969482422,NER
1992,85.9208374023438,NER
1993,81.9468765258789,NER
1994,87.169792175293,NER
1995,81.6062469482422,NER
1996,83.6500015258789,NER
1997,81.3499984741211,NER
1998,81.3499984741211,NER
1999,80.5500030517578,NER
2000,82.6500015258789,NER
2001,82.7688369750977,NER
2002,82.6500015258789,NER
2003,82.6500015258789,NER
2004,82.6500015258789,NER
2005,82.7688369750977,NER
2006,,NER
1970,,NGA
1971,,NGA
1972,,NGA
1973,,NGA
1974,,NGA
1975,,NGA
1976,,NGA
1977,,NGA
1978,,NGA
1979,,NGA
1980,74.6590423583984,NGA
1981,77.9192810058594,NGA
1982,75.4000015258789,NGA
1983,76.3499984741211,NGA
1984,75.6500015258789,NGA
1985,75.9166717529297,NGA
1986,62.6333312988281,NGA
1987,80.0500030517578,NGA
1988,74.1999969482422,NGA
1989,71.5,NGA
1990,71.25,NGA
1991,74.3499984741211,NGA
1992,75.9499969482422,NGA
1993,78.25,NGA
1994,77.0999984741211,NGA
1995,74.25,NGA
1996,66.8499984741211,NGA
1997,71.4000015258789,NGA
1998,70.9000015258789,NGA
1999,82.4000015258789,NGA
2000,83.9499969482422,NGA
2001,81.962158203125,NGA
2002,79.7534408569336,NGA
2003,77.4710998535156,NGA
2004,72.6119232177734,NGA
2005,91.0915145874023,NGA
2006,,NGA
1970,,ZWE
1971,,ZWE
1972,,ZWE
1973,,ZWE
1974,,ZWE
1975,,ZWE
1976,,ZWE
1977,,ZWE
1978,,ZWE
1979,,ZWE
1980,97.0166625976563,ZWE
1981,93.2701568603516,ZWE
1982,89.5236434936524,ZWE
1983,82.0999984741211,ZWE
1984,82.966667175293,ZWE
1985,84.5833358764648,ZWE
1986,83.8000030517578,ZWE
1987,83.4000015258789,ZWE
1988,83.0500030517578,ZWE
1989,82.4000015258789,ZWE
1990,82.1624984741211,ZWE
1991,83.2249984741211,ZWE
1992,79.7874984741211,ZWE
1993,81.9000015258789,ZWE
1994,83.1500015258789,ZWE
1995,85.5999984741211,ZWE
1996,80.6500015258789,ZWE
1997,81.0500030517578,ZWE
1998,78.6500015258789,ZWE
1999,82.6500015258789,ZWE
2000,84,ZWE
2001,84.5894775390625,ZWE
2002,84.5894775390625,ZWE
2003,86.4000015258789,ZWE
2004,83.4105224609375,ZWE
2005,84.5052642822266,ZWE
2006,,ZWE
1970,,RWA
1971,,RWA
1972,,RWA
1973,,RWA
1974,,RWA
1975,,RWA
1976,,RWA
1977,,RWA
1978,,RWA
1979,,RWA
1980,75.7696685791016,RWA
1981,77.7692642211914,RWA
1982,76.1225433349609,RWA
1983,75.8872985839844,RWA
1984,70.9471282958984,RWA
1985,69.4180297851563,RWA
1986,67.6536865234375,RWA
1987,71.3000030517578,RWA
1988,69.875,RWA
1989,68.4000015258789,RWA
1990,68.6750030517578,RWA
1991,68.1500015258789,RWA
1992,71.6500015258789,RWA
1993,76.8000030517578,RWA
1994,84.1500015258789,RWA
1995,78.0999984741211,RWA
1996,76.0999984741211,RWA
1997,74.4499969482422,RWA
1998,80.5999984741211,RWA
1999,87.3000030517578,RWA
2000,87.0500030517578,RWA
2001,88.2349700927735,RWA
2002,91.5359497070312,RWA
2003,91.6375122070312,RWA
2004,81.3790893554688,RWA
2005,84.1383666992188,RWA
2006,,RWA
1970,,SEN
1971,,SEN
1972,,SEN
1973,,SEN
1974,,SEN
1975,,SEN
1976,,SEN
1977,,SEN
1978,,SEN
1979,,SEN
1980,82.9692306518555,SEN
1981,83.0480804443359,SEN
1982,79.2634582519531,SEN
1983,83.3634643554688,SEN
1984,82.6538467407227,SEN
1985,83.6788482666016,SEN
1986,79.5,SEN
1987,79.3000030517578,SEN
1988,82.0500030517578,SEN
1989,78.25,SEN
1990,76.0500030517578,SEN
1991,74.5,SEN
1992,75.6999969482422,SEN
1993,78.3000030517578,SEN
1994,85.3000030517578,SEN
1995,84.5749969482422,SEN
1996,83.5500030517578,SEN
1997,76.0500030517578,SEN
1998,77.4000015258789,SEN
1999,83.9499969482422,SEN
2000,86.5500030517578,SEN
2001,89.1314468383789,SEN
2002,86.8858795166016,SEN
2003,86.8858795166016,SEN
2004,86.975700378418,SEN
2005,86.975700378418,SEN
2006,,SEN
1970,,SLE
1971,,SLE
1972,,SLE
1973,,SLE
1974,,SLE
1975,,SLE
1976,,SLE
1977,,SLE
1978,,SLE
1979,,SLE
1980,73.0912475585938,SLE
1981,72.3074951171875,SLE
1982,79.0999984741211,SLE
1983,71.3000030517578,SLE
1984,73.4000015258789,SLE
1985,73.8499984741211,SLE
1986,52.4000015258789,SLE
1987,77.6999969482422,SLE
1988,60.8499984741211,SLE
1989,62.0250015258789,SLE
1990,66.9499969482422,SLE
1991,68.2249984741211,SLE
1992,70.8000030517578,SLE
1993,72.4250030517578,SLE
1994,73.9000015258789,SLE
1995,81.8499984741211,SLE
1996,78.0749969482422,SLE
1997,79.3499984741211,SLE
1998,75.5,SLE
1999,74,SLE
2000,78.1999969482422,SLE
2001,81.0590209960938,SLE
2002,81.0590209960938,SLE
2003,81.0590209960938,SLE
2004,82.2502746582031,SLE
2005,82.2502746582031,SLE
2006,,SLE
1970,,NAM
1971,,NAM
1972,,NAM
1973,,NAM
1974,,NAM
1975,,NAM
1976,,NAM
1977,,NAM
1978,,NAM
1979,,NAM
1980,,NAM
1981,,NAM
1982,,NAM
1983,,NAM
1984,,NAM
1985,76.4000015258789,NAM
1986,77.5,NAM
1987,82.9000015258789,NAM
1988,83.9000015258789,NAM
1989,84.9000015258789,NAM
1990,86,NAM
1991,72.0999984741211,NAM
1992,81.4000015258789,NAM
1993,82.0999984741211,NAM
1994,81.9000015258789,NAM
1995,79.4000015258789,NAM
1996,79.4000015258789,NAM
1997,79,NAM
1998,77.3000030517578,NAM
1999,75.5999984741211,NAM
2000,73.3000030517578,NAM
2001,79.2650604248047,NAM
2002,82.338737487793,NAM
2003,77.3438949584961,NAM
2004,77.3438949584961,NAM
2005,77.3438949584961,NAM
2006,,NAM
1970,,SDN
1971,,SDN
1972,,SDN
1973,,SDN
1974,,SDN
1975,,SDN
1976,,SDN
1977,,SDN
1978,,SDN
1979,,SDN
1980,,SDN
1981,,SDN
1982,,SDN
1983,,SDN
1984,,SDN
1985,,SDN
1986,,SDN
1987,,SDN
1988,,SDN
1989,,SDN
1990,,SDN
1991,,SDN
1992,,SDN
1993,,SDN
1994,,SDN
1995,,SDN
1996,,SDN
1997,,SDN
1998,,SDN
1999,,SDN
2000,,SDN
2001,,SDN
2002,,SDN
2003,,SDN
2004,,SDN
2005,,SDN
2006,,SDN
1970,,SWZ
1971,,SWZ
1972,,SWZ
1973,,SWZ
1974,,SWZ
1975,,SWZ
1976,,SWZ
1977,,SWZ
1978,,SWZ
1979,,SWZ
1980,82.0263366699219,SWZ
1981,87.5834121704102,SWZ
1982,78.4663391113281,SWZ
1983,79.7687835693359,SWZ
1984,78.8136596679688,SWZ
1985,80.0292663574219,SWZ
1986,84.5443878173828,SWZ
1987,84.8917083740234,SWZ
1988,86.1073150634766,SWZ
1989,88.0175628662109,SWZ
1990,80.7238998413086,SWZ
1991,82.2868347167969,SWZ
1992,85.9336547851563,SWZ
1993,84.631217956543,SWZ
1994,83.50244140625,SWZ
1995,83.2419509887695,SWZ
1996,83.5892639160156,SWZ
1997,82.1999969482422,SWZ
1998,83.3000030517578,SWZ
1999,84.25,SWZ
2000,83.8000030517578,SWZ
2001,86.271728515625,SWZ
2002,86.8589096069336,SWZ
2003,86.7974548339844,SWZ
2004,86.7974548339844,SWZ
2005,91.059326171875,SWZ
2006,,SWZ
1970,,TZA
1971,,TZA
1972,,TZA
1973,,TZA
1974,,TZA
1975,,TZA
1976,,TZA
1977,,TZA
1978,,TZA
1979,,TZA
1980,81.1220779418945,TZA
1981,84.6103897094727,TZA
1982,84.1999969482422,TZA
1983,82.375,TZA
1984,81.75,TZA
1985,80.125,TZA
1986,75.75,TZA
1987,80.125,TZA
1988,80.9499969482422,TZA
1989,82,TZA
1990,81.4000015258789,TZA
1991,80.375,TZA
1992,81.4000015258789,TZA
1993,83.5,TZA
1994,79.4000015258789,TZA
1995,83.75,TZA
1996,82.25,TZA
1997,83.3499984741211,TZA
1998,84.3499984741211,TZA
1999,87.6500015258789,TZA
2000,86.5500030517578,TZA
2001,86.6247253417969,TZA
2002,87.9697189331055,TZA
2003,89.3147201538086,TZA
2004,90.6597213745117,TZA
2005,90.465446472168,TZA
2006,,TZA
1970,,TGO
1971,,TGO
1972,,TGO
1973,,TGO
1974,,TGO
1975,,TGO
1976,,TGO
1977,,TGO
1978,,TGO
1979,,TGO
1980,76.7203369140625,TGO
1981,73.4271240234375,TGO
1982,82.0576324462891,TGO
1983,80.9220352172852,TGO
1984,82.9661026000977,TGO
1985,78.8779678344727,TGO
1986,78.4237289428711,TGO
1987,77.4016952514648,TGO
1988,79.6728820800781,TGO
1989,80.5813598632813,TGO
1990,79.2186431884766,TGO
1991,81.7169494628906,TGO
1992,84.5559310913086,TGO
1993,88.984748840332,TGO
1994,88.1898345947266,TGO
1995,86.5999984741211,TGO
1996,87,TGO
1997,85.5999984741211,TGO
1998,82.6999969482422,TGO
1999,85.1500015258789,TGO
2000,86.4000015258789,TGO
2001,88.6510314941406,TGO
2002,88.6510314941406,TGO
2003,88.7635879516602,TGO
2004,88.7542114257813,TGO
2005,86.3062057495117,TGO
2006,,TGO
1970,,TUN
1971,,TUN
1972,,TUN
1973,,TUN
1974,,TUN
1975,,TUN
1976,,TUN
1977,,TUN
1978,,TUN
1979,,TUN
1980,76.9322967529297,TUN
1981,78.5,TUN
1982,75,TUN
1983,72.1999969482422,TUN
1984,72.1999969482422,TUN
1985,71.6999969482422,TUN
1986,73.9000015258789,TUN
1987,75.1999969482422,TUN
1988,75.1500015258789,TUN
1989,76.3499984741211,TUN
1990,76.3000030517578,TUN
1991,75.8000030517578,TUN
1992,76.0500030517578,TUN
1993,76.5749969482422,TUN
1994,77,TUN
1995,79.4000015258789,TUN
1996,78.8499984741211,TUN
1997,79.1999969482422,TUN
1998,80.5500030517578,TUN
1999,81.25,TUN
2000,81.6500015258789,TUN
2001,79.9310150146484,TUN
2002,79.9436645507813,TUN
2003,83.2407989501953,TUN
2004,83.5956649780274,TUN
2005,81.6053237915039,TUN
2006,,TUN
1970,,UGA
1971,,UGA
1972,,UGA
1973,,UGA
1974,,UGA
1975,,UGA
1976,,UGA
1977,,UGA
1978,,UGA
1979,,UGA
1980,57.1372909545899,UGA
1981,-95.1847229003906,UGA
1982,64.044921875,UGA
1983,66.8788146972656,UGA
1984,73.6093215942383,UGA
1985,79.4542388916016,UGA
1986,79.0999984741211,UGA
1987,77.3499984741211,UGA
1988,81.5999984741211,UGA
1989,80.6999969482422,UGA
1990,78.6999969482422,UGA
1991,76.6500015258789,UGA
1992,78,UGA
1993,77.9000015258789,UGA
1994,78.75,UGA
1995,87.3499984741211,UGA
1996,90.0999984741211,UGA
1997,89.9499969482422,UGA
1998,91.6500015258789,UGA
1999,91.1500015258789,UGA
2000,92.2934341430664,UGA
2001,91.9740982055664,UGA
2002,89.2600402832031,UGA
2003,89.7051086425781,UGA
2004,89.7742004394531,UGA
2005,87.6323089599609,UGA
2006,,UGA
1970,,BFA
1971,,BFA
1972,,BFA
1973,,BFA
1974,,BFA
1975,,BFA
1976,,BFA
1977,,BFA
1978,,BFA
1979,,BFA
1980,49.8314514160156,BFA
1981,54.4141502380371,BFA
1982,57.7908782958984,BFA
1983,62.6147766113281,BFA
1984,66.4738998413086,BFA
1985,67.4386749267578,BFA
1986,51.7610054016113,BFA
1987,61.6500015258789,BFA
1988,63.8333358764649,BFA
1989,68.0666656494141,BFA
1990,70.3499984741211,BFA
1991,71.6833343505859,BFA
1992,75.6166687011719,BFA
1993,79.1999969482422,BFA
1994,79.0999984741211,BFA
1995,82,BFA
1996,76.9499969482422,BFA
1997,76.6500015258789,BFA
1998,78.5999984741211,BFA
1999,85.5999984741211,BFA
2000,89.3000030517578,BFA
2001,89.373291015625,BFA
2002,90.6191787719727,BFA
2003,89.373291015625,BFA
2004,89.3000030517578,BFA
2005,89.3000030517578,BFA
2006,,BFA
1970,,ZMB
1971,,ZMB
1972,,ZMB
1973,,ZMB
1974,,ZMB
1975,,ZMB
1976,,ZMB
1977,,ZMB
1978,,ZMB
1979,,ZMB
1980,89.5,ZMB
1981,90.2291641235352,ZMB
1982,88.625,ZMB
1983,91.8333358764649,ZMB
1984,88.9166641235352,ZMB
1985,81.0416717529297,ZMB
1986,80.4583358764648,ZMB
1987,77.25,ZMB
1988,78.4199981689453,ZMB
1989,69.2900009155274,ZMB
1990,76.9599990844727,ZMB
1991,72.7299957275391,ZMB
1992,79.25,ZMB
1993,78.3499984741211,ZMB
1994,77.3499984741211,ZMB
1995,80.1500015258789,ZMB
1996,83.0500030517578,ZMB
1997,82.25,ZMB
1998,85.1999969482422,ZMB
1999,85.0999984741211,ZMB
2000,83.25,ZMB
2001,83.373161315918,ZMB
2002,82.7573547363281,ZMB
2003,83.4963226318359,ZMB
2004,82.7573547363281,ZMB
2005,82.8805160522461,ZMB
2006,,ZMB
1970,,PNG
1971,,PNG
1972,,PNG
1973,,PNG
1974,,PNG
1975,,PNG
1976,,PNG
1977,,PNG
1978,,PNG
1979,,PNG
1980,91.8712768554687,PNG
1981,91.3695068359375,PNG
1982,89.6634750366211,PNG
1983,89.0613479614258,PNG
1984,88.3588638305664,PNG
1985,88.0578002929688,PNG
1986,86.3517761230469,PNG
1987,85.8499984741211,PNG
1988,85.2375030517578,PNG
1989,81.7750015258789,PNG
1990,81.0124969482422,PNG
1991,81.3499984741211,PNG
1992,79.5875015258789,PNG
1993,77.3249969482422,PNG
1994,75.8625030517578,PNG
1995,74.9000015258789,PNG
1996,81.0999984741211,PNG
1997,81,PNG
1998,80.5500030517578,PNG
1999,90.4499969482422,PNG
2000,94,PNG
2001,94.6246490478516,PNG
2002,94.9830093383789,PNG
2003,94.9830093383789,PNG
2004,95.728385925293,PNG
2005,95.728385925293,PNG
2006,,PNG
1970,,ARM
1971,,ARM
1972,,ARM
1973,,ARM
1974,,ARM
1975,,ARM
1976,,ARM
1977,,ARM
1978,,ARM
1979,,ARM
1980,,ARM
1981,,ARM
1982,,ARM
1983,,ARM
1984,,ARM
1985,,ARM
1986,,ARM
1987,,ARM
1988,,ARM
1989,,ARM
1990,,ARM
1991,,ARM
1992,,ARM
1993,,ARM
1994,,ARM
1995,,ARM
1996,,ARM
1997,96.2867965698242,ARM
1998,97.2522277832031,ARM
1999,96.8066482543945,ARM
2000,96.8066482543945,ARM
2001,97.5492858886719,ARM
2002,97.7720794677735,ARM
2003,97.7720794677735,ARM
2004,97.9535217285156,ARM
2005,97.9558029174805,ARM
2006,,ARM
1970,,AZE
1971,,AZE
1972,,AZE
1973,,AZE
1974,,AZE
1975,,AZE
1976,,AZE
1977,,AZE
1978,,AZE
1979,,AZE
1980,,AZE
1981,,AZE
1982,,AZE
1983,,AZE
1984,,AZE
1985,,AZE
1986,,AZE
1987,,AZE
1988,,AZE
1989,,AZE
1990,,AZE
1991,,AZE
1992,,AZE
1993,,AZE
1994,,AZE
1995,,AZE
1996,,AZE
1997,88,AZE
1998,88,AZE
1999,88,AZE
2000,89.1999969482422,AZE
2001,89.1999969482422,AZE
2002,89.1999969482422,AZE
2003,91.3000030517578,AZE
2004,91.3000030517578,AZE
2005,94.3000030517578,AZE
2006,,AZE
1970,,BLR
1971,,BLR
1972,,BLR
1973,,BLR
1974,,BLR
1975,,BLR
1976,,BLR
1977,,BLR
1978,,BLR
1979,,BLR
1980,,BLR
1981,,BLR
1982,,BLR
1983,,BLR
1984,,BLR
1985,,BLR
1986,,BLR
1987,,BLR
1988,,BLR
1989,,BLR
1990,,BLR
1991,,BLR
1992,,BLR
1993,,BLR
1994,,BLR
1995,92.9097061157227,BLR
1996,92.6300506591797,BLR
1997,92.2352905273438,BLR
1998,91.9570159912109,BLR
1999,92.4285430908203,BLR
2000,92.9599304199219,BLR
2001,92.9959945678711,BLR
2002,93.7249526977539,BLR
2003,92.4867782592773,BLR
2004,93.3802719116211,BLR
2005,93.3802719116211,BLR
2006,,BLR
1970,,ALB
1971,,ALB
1972,,ALB
1973,,ALB
1974,,ALB
1975,,ALB
1976,,ALB
1977,,ALB
1978,,ALB
1979,,ALB
1980,,ALB
1981,,ALB
1982,,ALB
1983,,ALB
1984,,ALB
1985,,ALB
1986,,ALB
1987,,ALB
1988,,ALB
1989,,ALB
1990,,ALB
1991,,ALB
1992,,ALB
1993,,ALB
1994,,ALB
1995,,ALB
1996,86.3321762084961,ALB
1997,84.5098037719727,ALB
1998,85.5121078491211,ALB
1999,87.1522521972656,ALB
2000,89.2479782104492,ALB
2001,93.1660919189453,ALB
2002,92.8927307128906,ALB
2003,92.0726623535156,ALB
2004,93.3756637573242,ALB
2005,94.5784301757813,ALB
2006,,ALB
1970,,GEO
1971,,GEO
1972,,GEO
1973,,GEO
1974,,GEO
1975,,GEO
1976,,GEO
1977,,GEO
1978,,GEO
1979,,GEO
1980,,GEO
1981,,GEO
1982,,GEO
1983,,GEO
1984,,GEO
1985,,GEO
1986,,GEO
1987,,GEO
1988,,GEO
1989,,GEO
1990,,GEO
1991,,GEO
1992,,GEO
1993,,GEO
1994,,GEO
1995,,GEO
1996,,GEO
1997,91.4048843383789,GEO
1998,91.0424118041992,GEO
1999,93.3830108642578,GEO
2000,92.7946319580078,GEO
2001,93.0763549804688,GEO
2002,94.2275924682617,GEO
2003,94.2709045410156,GEO
2004,94.1674346923828,GEO
2005,93.96630859375,GEO
2006,,GEO
1970,,KAZ
1971,,KAZ
1972,,KAZ
1973,,KAZ
1974,,KAZ
1975,,KAZ
1976,,KAZ
1977,,KAZ
1978,,KAZ
1979,,KAZ
1980,,KAZ
1981,,KAZ
1982,,KAZ
1983,,KAZ
1984,,KAZ
1985,,KAZ
1986,,KAZ
1987,,KAZ
1988,,KAZ
1989,,KAZ
1990,,KAZ
1991,,KAZ
1992,,KAZ
1993,,KAZ
1994,,KAZ
1995,94.8194274902344,KAZ
1996,94.7918701171875,KAZ
1997,92.6700439453125,KAZ
1998,92.459846496582,KAZ
1999,95.359992980957,KAZ
2000,95.4019241333008,KAZ
2001,95.1102981567383,KAZ
2002,94.8875503540039,KAZ
2003,94.8420104980469,KAZ
2004,95.3061599731445,KAZ
2005,95.3061599731445,KAZ
2006,,KAZ
1970,,KGZ
1971,,KGZ
1972,,KGZ
1973,,KGZ
1974,,KGZ
1975,,KGZ
1976,,KGZ
1977,,KGZ
1978,,KGZ
1979,,KGZ
1980,,KGZ
1981,,KGZ
1982,,KGZ
1983,,KGZ
1984,,KGZ
1985,,KGZ
1986,,KGZ
1987,,KGZ
1988,,KGZ
1989,,KGZ
1990,,KGZ
1991,,KGZ
1992,,KGZ
1993,,KGZ
1994,,KGZ
1995,,KGZ
1996,,KGZ
1997,89,KGZ
1998,89,KGZ
1999,90.8000030517578,KGZ
2000,94.8000030517578,KGZ
2001,94.8000030517578,KGZ
2002,94.8000030517578,KGZ
2003,94.6999969482422,KGZ
2004,94.9000015258789,KGZ
2005,94.9000015258789,KGZ
2006,,KGZ
1970,,BGR
1971,,BGR
1972,,BGR
1973,,BGR
1974,,BGR
1975,,BGR
1976,,BGR
1977,,BGR
1978,,BGR
1979,,BGR
1980,,BGR
1981,,BGR
1982,,BGR
1983,,BGR
1984,,BGR
1985,,BGR
1986,,BGR
1987,,BGR
1988,,BGR
1989,,BGR
1990,93.8538513183594,BGR
1991,94.6804656982422,BGR
1992,89.1722869873047,BGR
1993,87.371322631836,BGR
1994,87.0503921508789,BGR
1995,86.7274627685547,BGR
1996,87.3834686279297,BGR
1997,89.8510055541992,BGR
1998,88.8681182861328,BGR
1999,91.3429336547852,BGR
2000,92.4697799682617,BGR
2001,93.0344772338867,BGR
2002,93.232177734375,BGR
2003,93.6378021240234,BGR
2004,94.4046478271484,BGR
2005,94.4102554321289,BGR
2006,,BGR
1970,,MDA
1971,,MDA
1972,,MDA
1973,,MDA
1974,,MDA
1975,,MDA
1976,,MDA
1977,,MDA
1978,,MDA
1979,,MDA
1980,,MDA
1981,,MDA
1982,,MDA
1983,,MDA
1984,,MDA
1985,,MDA
1986,,MDA
1987,,MDA
1988,,MDA
1989,,MDA
1990,,MDA
1991,,MDA
1992,,MDA
1993,,MDA
1994,,MDA
1995,94.3318252563477,MDA
1996,95.8234481811524,MDA
1997,94.5756988525391,MDA
1998,94.4934539794922,MDA
1999,93.9578704833984,MDA
2000,94.5622100830078,MDA
2001,95.7135543823242,MDA
2002,95.5903701782227,MDA
2003,95.4797515869141,MDA
2004,95.9485321044922,MDA
2005,96.471305847168,MDA
2006,,MDA
1970,,RUS
1971,,RUS
1972,,RUS
1973,,RUS
1974,,RUS
1975,,RUS
1976,,RUS
1977,,RUS
1978,,RUS
1979,,RUS
1980,,RUS
1981,,RUS
1982,,RUS
1983,,RUS
1984,,RUS
1985,,RUS
1986,,RUS
1987,,RUS
1988,,RUS
1989,,RUS
1990,,RUS
1991,,RUS
1992,95.3183364868164,RUS
1993,95.3183364868164,RUS
1994,92.6247711181641,RUS
1995,93.0095672607422,RUS
1996,93.0095672607422,RUS
1997,91.919319152832,RUS
1998,91.0855941772461,RUS
1999,91.919319152832,RUS
2000,92.8813018798828,RUS
2001,93.6508941650391,RUS
2002,92.7530364990234,RUS
2003,92.4794235229492,RUS
2004,92.0486373901367,RUS
2005,91.7124938964844,RUS
2006,,RUS
1970,,TJK
1971,,TJK
1972,,TJK
1973,,TJK
1974,,TJK
1975,,TJK
1976,,TJK
1977,,TJK
1978,,TJK
1979,,TJK
1980,,TJK
1981,,TJK
1982,,TJK
1983,,TJK
1984,,TJK
1985,,TJK
1986,,TJK
1987,,TJK
1988,,TJK
1989,,TJK
1990,,TJK
1991,,TJK
1992,,TJK
1993,,TJK
1994,,TJK
1995,,TJK
1996,,TJK
1997,94.8117065429688,TJK
1998,96.8745193481445,TJK
1999,96.8745193481445,TJK
2000,94.9992370605469,TJK
2001,94.8117065429688,TJK
2002,94.8117065429688,TJK
2003,94.8117065429688,TJK
2004,95.0176467895508,TJK
2005,95.0831985473633,TJK
2006,,TJK
1970,,CHN
1971,,CHN
1972,,CHN
1973,,CHN
1974,,CHN
1975,,CHN
1976,,CHN
1977,,CHN
1978,,CHN
1979,,CHN
1980,67.9000015258789,CHN
1981,67.9000015258789,CHN
1982,67.9000015258789,CHN
1983,69.375,CHN
1984,68.6999969482422,CHN
1985,70.375,CHN
1986,74.5999984741211,CHN
1987,75,CHN
1988,75.6166687011719,CHN
1989,75.033332824707,CHN
1990,75.9000015258789,CHN
1991,75.0500030517578,CHN
1992,76.5,CHN
1993,77.5,CHN
1994,80.1999969482422,CHN
1995,86.5999984741211,CHN
1996,86.8000030517578,CHN
1997,89.8000030517578,CHN
1998,89.8499984741211,CHN
1999,89.4499969482422,CHN
2000,89.75,CHN
2001,89.8761672973633,CHN
2002,92.3479232788086,CHN
2003,92.5923156738281,CHN
2004,93.5727233886719,CHN
2005,93.7217864990234,CHN
2006,,CHN
1970,,TKM
1971,,TKM
1972,,TKM
1973,,TKM
1974,,TKM
1975,,TKM
1976,,TKM
1977,,TKM
1978,,TKM
1979,,TKM
1980,,TKM
1981,,TKM
1982,,TKM
1983,,TKM
1984,,TKM
1985,,TKM
1986,,TKM
1987,,TKM
1988,,TKM
1989,,TKM
1990,,TKM
1991,,TKM
1992,,TKM
1993,,TKM
1994,,TKM
1995,,TKM
1996,,TKM
1997,99.5,TKM
1998,99.5,TKM
1999,99.5,TKM
2000,99.5,TKM
2001,99.5,TKM
2002,99.5,TKM
2003,99.5,TKM
2004,94.4000015258789,TKM
2005,94.4000015258789,TKM
2006,,TKM
1970,,UKR
1971,,UKR
1972,,UKR
1973,,UKR
1974,,UKR
1975,,UKR
1976,,UKR
1977,,UKR
1978,,UKR
1979,,UKR
1980,,UKR
1981,,UKR
1982,,UKR
1983,,UKR
1984,,UKR
1985,,UKR
1986,,UKR
1987,,UKR
1988,,UKR
1989,,UKR
1990,,UKR
1991,,UKR
1992,,UKR
1993,,UKR
1994,,UKR
1995,94.7275695800781,UKR
1996,94.3509674072266,UKR
1997,93.974365234375,UKR
1998,94.2061233520508,UKR
1999,92.6417770385742,UKR
2000,91.6440734863281,UKR
2001,92.5065689086914,UKR
2002,92.3464584350586,UKR
2003,95.1677322387695,UKR
2004,95.0835418701172,UKR
2005,95.4276962280274,UKR
2006,,UKR
1970,,UZB
1971,,UZB
1972,,UZB
1973,,UZB
1974,,UZB
1975,,UZB
1976,,UZB
1977,,UZB
1978,,UZB
1979,,UZB
1980,,UZB
1981,,UZB
1982,,UZB
1983,,UZB
1984,,UZB
1985,,UZB
1986,,UZB
1987,,UZB
1988,,UZB
1989,,UZB
1990,,UZB
1991,,UZB
1992,,UZB
1993,,UZB
1994,,UZB
1995,82,UZB
1996,79,UZB
1997,79,UZB
1998,71,UZB
1999,71,UZB
2000,71,UZB
2001,81,UZB
2002,79,UZB
2003,79,UZB
2004,85.4000015258789,UZB
2005,85.4000015258789,UZB
2006,,UZB
1970,,CZE
1971,,CZE
1972,,CZE
1973,,CZE
1974,,CZE
1975,,CZE
1976,,CZE
1977,,CZE
1978,,CZE
1979,,CZE
1980,,CZE
1981,,CZE
1982,,CZE
1983,,CZE
1984,,CZE
1985,,CZE
1986,93.8000030517578,CZE
1987,93.8000030517578,CZE
1988,94.0999984741211,CZE
1989,94.4000015258789,CZE
1990,94.6999969482422,CZE
1991,94.8666687011719,CZE
1992,95.033332824707,CZE
1993,95.1999969482422,CZE
1994,95.1999969482422,CZE
1995,95,CZE
1996,92.3000030517578,CZE
1997,92.6999969482422,CZE
1998,93.0999984741211,CZE
1999,93.1999969482422,CZE
2000,93.5,CZE
2001,93.9000015258789,CZE
2002,94,CZE
2003,94,CZE
2004,93.5,CZE
2005,93.5,CZE
2006,,CZE
1970,,SVK
1971,,SVK
1972,,SVK
1973,,SVK
1974,,SVK
1975,,SVK
1976,,SVK
1977,,SVK
1978,,SVK
1979,,SVK
1980,,SVK
1981,,SVK
1982,,SVK
1983,,SVK
1984,,SVK
1985,,SVK
1986,,SVK
1987,,SVK
1988,,SVK
1989,,SVK
1990,93.8270034790039,SVK
1991,93.4616012573242,SVK
1992,93.0961990356445,SVK
1993,92.7307968139649,SVK
1994,92.3654022216797,SVK
1995,92,SVK
1996,91.9499969482422,SVK
1997,91.9000015258789,SVK
1998,93.0999984741211,SVK
1999,93.5999984741211,SVK
2000,93.9000015258789,SVK
2001,93.9000015258789,SVK
2002,95,SVK
2003,95,SVK
2004,93.5,SVK
2005,93.5,SVK
2006,,SVK
1970,,EST
1971,,EST
1972,,EST
1973,,EST
1974,,EST
1975,,EST
1976,,EST
1977,,EST
1978,,EST
1979,,EST
1980,,EST
1981,,EST
1982,,EST
1983,,EST
1984,,EST
1985,,EST
1986,,EST
1987,,EST
1988,,EST
1989,,EST
1990,,EST
1991,,EST
1992,,EST
1993,,EST
1994,,EST
1995,99.9000015258789,EST
1996,99.9000015258789,EST
1997,100,EST
1998,100,EST
1999,100,EST
2000,96.9000015258789,EST
2001,96.9000015258789,EST
2002,98.4000015258789,EST
2003,98.4199981689453,EST
2004,93.5,EST
2005,93.5,EST
2006,,EST
1970,,LVA
1971,,LVA
1972,,LVA
1973,,LVA
1974,,LVA
1975,,LVA
1976,,LVA
1977,,LVA
1978,,LVA
1979,,LVA
1980,,LVA
1981,,LVA
1982,,LVA
1983,,LVA
1984,,LVA
1985,,LVA
1986,,LVA
1987,,LVA
1988,,LVA
1989,,LVA
1990,,LVA
1991,,LVA
1992,,LVA
1993,,LVA
1994,,LVA
1995,,LVA
1996,95.6999969482422,LVA
1997,94.4000015258789,LVA
1998,94.1999969482422,LVA
1999,94.8000030517578,LVA
2000,94.9000015258789,LVA
2001,95.4000015258789,LVA
2002,95.6999969482422,LVA
2003,95.9000015258789,LVA
2004,93.5,LVA
2005,93.5,LVA
2006,,LVA
1970,,HUN
1971,,HUN
1972,,HUN
1973,,HUN
1974,,HUN
1975,,HUN
1976,,HUN
1977,,HUN
1978,,HUN
1979,,HUN
1980,,HUN
1981,,HUN
1982,,HUN
1983,,HUN
1984,76,HUN
1985,76,HUN
1986,85,HUN
1987,85,HUN
1988,85.5749969482422,HUN
1989,86.1500015258789,HUN
1990,86.7249984741211,HUN
1991,87.3000030517578,HUN
1992,87.4000015258789,HUN
1993,91.5,HUN
1994,91.5,HUN
1995,84.8000030517578,HUN
1996,84.8000030517578,HUN
1997,85.6999969482422,HUN
1998,86.6999969482422,HUN
1999,87.5999984741211,HUN
2000,88.0999984741211,HUN
2001,88.3000030517578,HUN
2002,88.3000030517578,HUN
2003,88.3000030517578,HUN
2004,93.5,HUN
2005,93.5,HUN
2006,,HUN
1970,,LTU
1971,,LTU
1972,,LTU
1973,,LTU
1974,,LTU
1975,,LTU
1976,,LTU
1977,,LTU
1978,,LTU
1979,,LTU
1980,,LTU
1981,,LTU
1982,,LTU
1983,,LTU
1984,,LTU
1985,,LTU
1986,,LTU
1987,,LTU
1988,,LTU
1989,,LTU
1990,,LTU
1991,,LTU
1992,,LTU
1993,,LTU
1994,,LTU
1995,97.6700210571289,LTU
1996,97.3115615844727,LTU
1997,97.2518157958984,LTU
1998,97.6700210571289,LTU
1999,97.7297592163086,LTU
2000,97.9687347412109,LTU
2001,97.4877395629883,LTU
2002,97.3212509155274,LTU
2003,97.1096649169922,LTU
2004,96.6318588256836,LTU
2005,96.6318588256836,LTU
2006,,LTU
1970,,MNG
1971,,MNG
1972,,MNG
1973,,MNG
1974,,MNG
1975,,MNG
1976,,MNG
1977,,MNG
1978,,MNG
1979,,MNG
1980,,MNG
1981,,MNG
1982,,MNG
1983,,MNG
1984,,MNG
1985,,MNG
1986,,MNG
1987,,MNG
1988,,MNG
1989,,MNG
1990,,MNG
1991,,MNG
1992,,MNG
1993,,MNG
1994,,MNG
1995,,MNG
1996,,MNG
1997,,MNG
1998,,MNG
1999,,MNG
2000,,MNG
2001,,MNG
2002,,MNG
2003,,MNG
2004,,MNG
2005,,MNG
2006,,MNG
1970,,HRV
1971,,HRV
1972,,HRV
1973,,HRV
1974,,HRV
1975,,HRV
1976,,HRV
1977,,HRV
1978,,HRV
1979,,HRV
1980,,HRV
1981,,HRV
1982,,HRV
1983,,HRV
1984,,HRV
1985,,HRV
1986,,HRV
1987,,HRV
1988,,HRV
1989,,HRV
1990,,HRV
1991,,HRV
1992,,HRV
1993,92.7896118164062,HRV
1994,89.6859512329102,HRV
1995,89.0142059326172,HRV
1996,89.8386917114258,HRV
1997,89.8188858032227,HRV
1998,90.2914199829102,HRV
1999,90.2150573730469,HRV
2000,91.1888732910156,HRV
2001,93.7549819946289,HRV
2002,95.6454162597656,HRV
2003,95.9247589111328,HRV
2004,96.9417877197266,HRV
2005,96.5302352905274,HRV
2006,,HRV
1970,,SVN
1971,,SVN
1972,,SVN
1973,,SVN
1974,,SVN
1975,,SVN
1976,,SVN
1977,,SVN
1978,,SVN
1979,,SVN
1980,,SVN
1981,,SVN
1982,,SVN
1983,,SVN
1984,,SVN
1985,,SVN
1986,,SVN
1987,,SVN
1988,,SVN
1989,,SVN
1990,,SVN
1991,,SVN
1992,91.7911376953125,SVN
1993,90.4594573974609,SVN
1994,90.7843780517578,SVN
1995,90.3405609130859,SVN
1996,91.6575241088867,SVN
1997,92.7365646362305,SVN
1998,93.2856216430664,SVN
1999,93.4177474975586,SVN
2000,93.2402496337891,SVN
2001,94.1044998168945,SVN
2002,94.6085739135742,SVN
2003,94.6076507568359,SVN
2004,96.4605407714844,SVN
2005,96.4605407714844,SVN
2006,,SVN
1970,,MKD
1971,,MKD
1972,,MKD
1973,,MKD
1974,,MKD
1975,,MKD
1976,,MKD
1977,,MKD
1978,,MKD
1979,,MKD
1980,,MKD
1981,,MKD
1982,,MKD
1983,,MKD
1984,,MKD
1985,,MKD
1986,,MKD
1987,,MKD
1988,,MKD
1989,,MKD
1990,,MKD
1991,,MKD
1992,,MKD
1993,,MKD
1994,,MKD
1995,72,MKD
1996,84.9400024414063,MKD
1997,85.4000015258789,MKD
1998,85,MKD
1999,85,MKD
2000,85,MKD
2001,83.8000030517578,MKD
2002,84.4000015258789,MKD
2003,85.4000015258789,MKD
2004,88.8000030517578,MKD
2005,90.8000030517578,MKD
2006,,MKD
1970,,POL
1971,,POL
1972,,POL
1973,,POL
1974,,POL
1975,,POL
1976,,POL
1977,,POL
1978,,POL
1979,,POL
1980,,POL
1981,,POL
1982,,POL
1983,,POL
1984,,POL
1985,,POL
1986,89.0999984741211,POL
1987,89.0999984741211,POL
1988,85.4000015258789,POL
1989,81.6999969482422,POL
1990,84.75,POL
1991,87.8000030517578,POL
1992,88.3000030517578,POL
1993,91.5,POL
1994,91.5,POL
1995,88.4000015258789,POL
1996,81.3000030517578,POL
1997,86.9000015258789,POL
1998,81.3000030517578,POL
1999,84.0999984741211,POL
2000,85.5,POL
2001,87.4000015258789,POL
2002,86.0999984741211,POL
2003,86.0999984741211,POL
2004,93.5,POL
2005,93.5,POL
2006,,POL
1970,,ROU
1971,,ROU
1972,,ROU
1973,,ROU
1974,,ROU
1975,,ROU
1976,,ROU
1977,,ROU
1978,,ROU
1979,,ROU
1980,,ROU
1981,,ROU
1982,,ROU
1983,,ROU
1984,,ROU
1985,,ROU
1986,83.3000030517578,ROU
1987,83.379997253418,ROU
1988,83.4599990844727,ROU
1989,83.5400009155273,ROU
1990,83.620002746582,ROU
1991,83.6999969482422,ROU
1992,87.6999969482422,ROU
1993,89.8000030517578,ROU
1994,91.9000015258789,ROU
1995,94,ROU
1996,82.5500030517578,ROU
1997,71.0999984741211,ROU
1998,80.1999969482422,ROU
1999,84.8000030517578,ROU
2000,86.9000015258789,ROU
2001,81.9000015258789,ROU
2002,80.1999969482422,ROU
2003,80.1999969482422,ROU
2004,83.4899978637695,ROU
2005,82.5,ROU
2006,,ROU
