Reporter Name;Partner Name;Trade Flow;Product Group;Indicator;1988;1989;1990;1991;1992;1993;1994;1995;1996;1997;1998;1999;2000;2001;2002;2003;2004;2005;2006;2007;2008;2009;2010;2011;2012;2013;2014;2015;2016;2017;2018
Afghanistan; World;Import;  All Products;MFN Weighted Average (%);;;;;;;;;;;;;;;;;;;;;4,999117258;;;;5,496231479;5,496231479;;;;;5,720839255
Albania; World;Import;  All Products;MFN Weighted Average (%);;;;;;;;;;14,41172618;;;11,65207275;11,28083536;8,34560807;8,168406728;7,337261448;7,356788216;6,607231404;5,858025789;5,143008137;4,903908855;4,871445647;4,593728851;3,537896449;3,69336015;3,685976155;3,580773903;3,526354004;2,655281798;3,161622508
Algeria; World;Import;  All Products;MFN Weighted Average (%);;;;;;15,5002106;;;;16,92663645;17,25977704;;;15,16061542;12,99305217;11,97114569;;11,65540996;11,93215867;11,47377902;11,36573003;11,92793622;;;;;12,52023991;12,02108379;12,59873743;12,68623684;
Angola; World;Import;  All Products;MFN Weighted Average (%);;;;;;;;;;;;;;;;;;;;;;9,149432329;9,232147476;8,359603326;7,605537095;7,522487045;10,29924187;9,383298197;9,379806516;;7,680441837
Antigua and Barbuda; World;Import;  All Products;MFN Weighted Average (%);;;;;;;;;;;;20,30108155;15,38794046;;;;;12,17525462;13,34070483;14,89609044;;14,80299593;11,55941063;11,55941063;13,66493835;16,71770181;11,43071307;13,80841773;13,4368834;14,54189013;16,86217853
Argentina; World;Import;  All Products;MFN Weighted Average (%);;;;;;12,53088357;;11,40772365;13,40152263;13,92851764;15,66742526;14,756483;14,49415418;13,50582145;12,01338084;12,87379757;12,21249777;11,73877792;11,91596791;12,17134387;10,42576179;12,21252893;12,52417454;12,02534725;11,9227959;11,0080383;11,49921925;11,52661791;12,321839;14,67513833;12,41048647
Armenia; World;Import;  All Products;MFN Weighted Average (%);;;;;;;;;;;;;;2,431135452;;2,26503786;2,40790389;2,275164736;2,993012382;2,418605402;2,958510503;2,68694908;2,796567344;3,075486101;3,142920735;2,971777513;3,171721004;4,4953354;3,508438162;3,63527612;
Aruba; World;Import;  All Products;MFN Weighted Average (%);;;;;;;;;;;;;;;;;;;;;;;;9,9681454;9,518090925;9,69445209;;10,01850092;10,15830485;10,29854226;10,14913456
Australia; World;Import;  All Products;MFN Weighted Average (%);;;;19,86755609;;11,00675158;;;6,905177895;6,930325797;6,595703716;6,213039167;5,946239011;4,911380854;3,993190158;4,045835868;4,000578963;3,298904751;4,092954606;4,257795742;3,8777834;3,955556843;3,613964435;2,467991992;2,580472012;2,633964848;2,686645252;2,722148192;2,712533631;2,89718876;2,859453679
Azerbaijan; World;Import;  All Products;MFN Weighted Average (%);;;;;;;;;;;;;;;6,752631918;;;6,09259762;;5,952545242;5,783924714;6,26769066;;5,987237388;6,625545254;6,580987903;6,668113857;6,745473593;;;
Bahamas, The; World;Import;  All Products;MFN Weighted Average (%);;;;;;;;;;;;28,58325953;;;25,02379918;;;;23,87274183;;;;20,2192802;19,45631604;;19,8958084;19,82531776;19,02837527;;;
Bahrain; World;Import;  All Products;MFN Weighted Average (%);;;;;;;;;;;;;10,3602068;8,511485137;5,792245676;5,761023235;5,774417484;5,530971874;5,40901297;5,712913391;5,310292861;5,295688618;5,154671434;5,921673619;5,921673619;4,48703019;3,990193141;4,23439035;4,156465631;8,56011635;6,170462924
Bangladesh; World;Import;  All Products;MFN Weighted Average (%);;88,434173;;;;;;;;;22,14803421;;18,1131027;17,88693555;18,3105471;19,05994803;15,79946243;22,70472429;21,64207132;9,254483366;7,713031507;10,71007328;9,939475904;9,625906238;12,83912088;12,09292571;;12,32271212;;;
Barbados; World;Import;  All Products;MFN Weighted Average (%);;;;;;;;;;;;22,7668892;21,01327104;20,34164575;20,78107571;21,44620887;20,2017192;;17,12222787;19,23142803;;;15,7735749;13,15096034;8,691775956;15,38980207;;;;;
Belarus; World;Import;  All Products;MFN Weighted Average (%);;;;;;;;;;;;;7,631917945;7,914379119;8,80469829;;;;;;7,302097427;7,013020444;5,996668284;5,011814862;5,68110422;5,691222939;4,886601223;4,291915896;4,084182972;4,00930241;3,98261885
Belize; World;Import;  All Products;MFN Weighted Average (%);;;;;;;;;15,63194058;;;11,18786316;;10,71706164;11,65136553;11,35176102;;;10,02336543;9,673091829;9,245546063;12,05544856;12,05480377;8,899706365;8,878288332;11,00954291;11,00954291;11,14654652;11,48837852;11,24214623;12,1026215
Benin; World;Import;  All Products;MFN Weighted Average (%);;;;;;;;;;;;;;12,62492231;12,69647627;12,6931209;12,69535184;12,67882733;12,60205125;11,7501945;11,7501945;11,7501945;11,7501945;11,72834063;11,72834063;11,72837558;10,99743357;13,56339033;12,46350523;17,84367765;15,52113517
Bermuda; World;Import;  All Products;MFN Weighted Average (%);;;;;;;;;;;;;;;;;;;;18,75412632;18,98482983;18,67630397;18,60659392;17,06098103;17,44072229;17,22694819;15,27498121;18,66670639;18,7348609;20,85185959;27,5852167
Bhutan; World;Import;  All Products;MFN Weighted Average (%);;;;;;;;;;;;;;;;;;21,53925839;;27,53105239;;;;;;;;;;;
Bolivia; World;Import;  All Products;MFN Weighted Average (%);;;;;;9,438706936;9,952716487;9,48574283;9,309265172;9,309265172;9,03689301;9,13619194;8,456031943;8,714802228;9,247307913;8,557929281;8,956568458;8,672356363;8,437052205;8,429182061;8,47971715;8,594166846;8,960935853;8,795894439;8,92165445;8,545747175;8,56007295;8,891324657;8,889897672;9,634678658;9,272354773
Bosnia and Herzegovina; World;Import;  All Products;MFN Weighted Average (%);;;;;;;;;;;;;;;;;;;8,878946756;8,607796266;8,282631598;8,730122196;8,15762583;7,802621657;7,782379665;7,767399653;7,858976613;8,074854044;8,183346009;8,0798777;8,765254014
Botswana; World;Import;  All Products;MFN Weighted Average (%);;;;;;;;;;;;;;11,34101497;9,294980933;;8,413353366;9,450671893;8,47531569;8,531585212;7,966045089;8,024509205;7,684903511;7,125642278;4,9774232;5,45064409;5,655021319;5,009461136;6,081410052;7,179212254;6,532245349
Brazil; World;Import;  All Products;MFN Weighted Average (%);;31,91914164;18,95028819;16,56286704;15,70515602;13,01722863;13,27168715;12,69080727;14,83437749;14,00228776;15,93542039;13,84989301;12,6885225;10,46547731;10,00649634;9,526058355;9,064725038;8,537434871;8,464272726;8,576314202;8,581842051;9,916949846;10,08649154;10,09778499;10,12119185;10,0804442;9,923223084;10,32382976;10,18692235;10,86580575;10,99161909
Brunei; World;Import;  All Products;MFN Weighted Average (%);;;;;4,427998495;;;;;11,25128357;11,25587748;;;11,18527582;11,08539559;12,27594399;6,433174956;;5,944581411;5,709987721;2,022793176;2,509294855;2,512722108;2,446407818;;;1,134604495;;1,187702538;0,1210252;0,10629487
Bulgaria; World;Import;  All Products;MFN Weighted Average (%);;;;;;;;;;;14,13104773;11,72589797;10,36842164;11,16335485;9,629366178;9,667032802;9,603398162;9,120112569;8,842667127;;;;;;;;;;;;
Burkina Faso; World;Import;  All Products;MFN Weighted Average (%);;;;;;;;;;;;;;11,15925667;11,45156078;11,29902678;11,38244141;11,02654791;;10,41710811;10,41710811;10,41710811;10,62806761;10,17527021;9,649248291;9,650016761;9,648936583;9,322892422;9,595568775;9,077290679;10,808474
Burundi; World;Import;  All Products;MFN Weighted Average (%);;;;;;;;;;;;;;;21,13085926;20,78916201;;21,10476857;17,49371717;14,63702036;13,37852936;19,5035912;19,5035912;15,45694203;15,15543311;12,38767815;13,03307177;10,84004532;10,24951962;;16,26979999
Cambodia; World;Import;  All Products;MFN Weighted Average (%);;;;;;;;;;;;;;16,4886363;16,27941576;16,46654603;;11,07939388;10,86262522;11,68421162;11,41668504;;9,503967129;8,936853576;9,083886765;;8,338912528;;9,769556392;;
Cameroon; World;Import;  All Products;MFN Weighted Average (%);;;;;;;;14,54057005;;;;;;13,48719841;13,89689278;14,26775478;14,26775478;14,4529723;13,80758394;13,30634901;13,29702744;11,89233213;13,29702744;12,74383813;11,92953638;13,28225716;12,90338081;;;;
Canada; World;Import;  All Products;MFN Weighted Average (%);;8,079702275;;;;6,983502333;;6,928899241;5,60060995;5,191849062;3,95144434;3,734110032;3,434528399;3,607196709;3,669688487;6,109241954;3,539875482;3,400584249;3,384078552;3,48778538;3,357988299;3,492243201;2,956020067;2,836619605;2,879148167;2,966468808;2,939118753;3,113650859;3,202409515;3,165177807;3,087596947
Cape Verde; World;Import;  All Products;MFN Weighted Average (%);;;;;;;;;;;;;;;;;;13,75005787;13,18606485;12,2252622;12,2252622;11,930661;11,05340545;10,29932297;10,60075163;10,8869065;;10,88656666;;;
Central African Republic; World;Import;  All Products;MFN Weighted Average (%);;;;;;;;14,86082401;;16,78199671;;;;18,29815689;16,86271898;29,8573594;29,8573594;29,48746332;29,86546037;17,62831079;17,62262373;17,62262373;17,62262373;17,43374234;17,44072251;17,69187352;;17,52026873;17,52026873;17,52026873;
Chad; World;Import;  All Products;MFN Weighted Average (%);;;;;;;;17,30796717;;;;;;;;;;;;;;;;;;;;;;;
Chile; World;Import;  All Products;MFN Weighted Average (%);;;;;10,95096278;10,94453083;10,93425267;10,93097604;10,96824569;10,96824569;10,94337815;9,958257217;9;8;6,958131941;5,772906148;5,989391208;5,947412623;5,885318441;5,91686959;5,908368025;5,935837109;5,937053622;5,921726279;5,827710037;5,893790582;;5,896992156;5,885998836;5,969025639;5,980264322
China; World;Import;  All Products;MFN Weighted Average (%);;;;;32,17476594;30,2929558;27,92503485;;19,76445349;15,81593417;15,50496197;14,46489971;14,6721566;14,1074925;7,714878023;6,4820125;5,963647704;4,901725354;4,403062959;5,476604112;4,865791274;3,974246056;5,297804398;6,966882847;;;5,601851842;5,583529887;4,293242089;4,885521976;4,266240214
Colombia; World;Import;  All Products;MFN Weighted Average (%);;;;6,452630401;10,55276333;;11,63532915;12,21481532;11,18868693;11,31473121;11,1827207;10,69036778;10,97960503;10,82749375;11,2838653;11,05844751;11,39329354;11,41884963;12,01410574;12,26611479;11,62166168;11,12638888;11,82197934;8,986040667;7,648474701;7,175486422;6,996989874;6,538842386;6,975724124;9,828008255;7,902290593
Comoros; World;Import;  All Products;MFN Weighted Average (%);;;;;;;;;;;;;;;;;;;;;4,926956729;;6,393166246;6,393166256;6,503831372;6,723445629;;;;;
Congo, Rep.; World;Import;  All Products;MFN Weighted Average (%);;;;;;;16,34820244;;;;;;;;;;;;;15,7866032;15,75607837;15,75607837;15,75607837;15,75607837;;16,21434025;16,13835062;;;;
Cook Islands; World;Import;  All Products;MFN Weighted Average (%);;;;;;;;;;;;;;;;;;;;;;;13,95459849;;;;;;;;
Costa Rica; World;Import;  All Products;MFN Weighted Average (%);;;;;;;;8,811804721;9,036618153;9,058308919;7,360169775;5,250323618;4,59341524;4,439896386;4,225615448;4,465227398;4,578689862;4,142094503;4,078064857;4,206683928;4,386474306;3,760507763;3,860214084;4,093190325;4,168639607;4,103393594;4,403459266;;5,250688236;;5,471785446
Cote d'Ivoire; World;Import;  All Products;MFN Weighted Average (%);;;;;;;;;4,100497021;;;;;7,222995186;9,687751132;9,606871437;8,544287994;7,606455979;7,375581647;6,649672804;6,649672529;7,56633708;7,228229725;7,070360268;6,737368177;6,737349324;6,440607447;8,367870829;8,738298153;10,28116011;10,33778912
Croatia; World;Import;  All Products;MFN Weighted Average (%);;;;;;;;;;;;;;10,05334558;4,762322968;4,500655;4,248462537;3,948773856;4,085016145;4,059265201;4,034678145;4,265734204;4,172867029;4,365940539;4,381526189;4,370088999;;;;;
Cuba; World;Import;  All Products;MFN Weighted Average (%);;;;;;;;;;;;8,781040917;8,454500514;9,152836509;8,792198373;9,006731167;8,530572946;8,215999163;10,09349797;;;;;;;;;;;;
Cyprus; World;Import;  All Products;MFN Weighted Average (%);;;;;;;;;15,91047676;14,65837615;15,15815664;13,5291674;8,841960352;10,12262361;8,83108301;;;;;;;;;;;;;;;;
Czech Republic; World;Import;  All Products;MFN Weighted Average (%);;;;;;;;;5,82558979;5,448268621;5,168328969;5,749853509;4,315876663;4,208388123;4,325660869;4,347833646;;;;;;;;;;;;;;;
Djibouti; World;Import;  All Products;MFN Weighted Average (%);;;;;;;;;;;;;;;;;;;;;;17,26710375;;;;;;;;;
Dominica; World;Import;  All Products;MFN Weighted Average (%);;;;;;;;;18,61157372;15,9768373;;15,95893467;13,81980743;13,50719846;14,81696839;14,1980914;;;12,94103313;13,01233008;;;11,10850282;;12,21483489;;;;;;
Dominican Republic; World;Import;  All Products;MFN Weighted Average (%);;;;;;;;;;;;;;8,105973691;9,204069115;8,910773219;8,924482007;9,523646811;8,945350827;8,126297398;8,938957987;;6,584530646;6,291108795;6,197073888;6,366286501;;7,711439976;7,711122417;8,328689022;
East Timor; World;Import;  All Products;MFN Weighted Average (%);;;;;;;;;;;;;;;;;;;;;;;;;;2,5;;;;;
Ecuador; World;Import;  All Products;MFN Weighted Average (%);;;;;;8,145588317;11,47478278;11,04754339;10,94859039;10,39440983;10,7035286;11,11177345;9,577716727;11,16489989;10,66643909;9,896748074;9,913823256;9,531623083;8,938207369;8,871994634;7,801086304;6,841385589;6,830724775;6,208224365;6,379757703;;7,029463597;8,652748478;9,506915884;10,2505243;11,17005062
Egypt, Arab Rep.; World;Import;  All Products;MFN Weighted Average (%);;;;;;;;17,05230943;;;14,16643322;16,68444207;16,81926652;16,71639037;19,8923487;15,04287985;10,63449769;10,00914774;10,04719322;8,919613445;8,847566627;9,001875369;11,76331527;9,691947979;9,818568528;11,09730737;10,61432545;10,50989124;11,47010167;11,91810058;12,96380809
El Salvador; World;Import;  All Products;MFN Weighted Average (%);;;;;;;;9,145073206;7,724722271;7,373027792;6,337529841;6,381137838;6,840420251;6,894040896;7,092035074;7,379422585;7,270276844;7,483698214;9,252351434;6,999222652;7,059887001;7,350102221;6,854079724;6,812529719;6,975949476;6,917281256;6,753332564;7,158303627;;7,734350088;7,734323362
Estonia; World;Import;  All Products;MFN Weighted Average (%);;;;;;;;0,392044904;0,037532933;0,031233663;0;0;0,977247139;1,021289096;0,912676791;0,893047893;;;;;;;;;;;;;;;
Ethiopia(excludes Eritrea); World;Import;  All Products;MFN Weighted Average (%);;;;;;;;18,16232271;;;;;;12,10691026;13,4785377;;;;12,02731276;;10,08553841;10,3754253;10,27022378;10,50589877;9,981410564;;;12,15547395;;;
European Union; World;Import;  All Products;MFN Weighted Average (%);;;;;;;;;;;;;3,445236595;3,796476278;3,473726437;3,63457417;3,481674662;3,306695717;3,174830457;3,06557721;2,825201075;3,097600893;2,84400826;2,829055244;2,637550928;2,839494521;2,812415754;2,963000965;3,163637246;3,138679689;2,99777882
Fiji; World;Import;  All Products;MFN Weighted Average (%);;;;;;;;;;;;;;;;9,50715387;10,44569231;;8,919130554;9,070645407;9,981133444;12,15280415;11,28807277;19,9016767;11,74768215;12,07537071;;11,11876702;;16,17031227;16,45459345
Finland; World;Import;  All Products;MFN Weighted Average (%);6,265109011;;6,373151472;;;;;;;;;;;;;;;;;;;;;;;;;;;;
Fm Sudan; World;Import;  All Products;MFN Weighted Average (%);;;;;;;;;4,148303913;;;;;;17,02137875;;;;13,91405411;;11,0950121;18,53696944;16,69907403;15,08131229;;;;;;;
French Polynesia; World;Import;  All Products;MFN Weighted Average (%);;;;;;;;;;;;;;;;;;;;;8,34422168;8,997923136;;8,440300067;7,34124778;7,38834006;7,38834006;7,314151232;;;
Gabon; World;Import;  All Products;MFN Weighted Average (%);;;;;;;;;;;15,42651351;;14,58886612;16,14739639;14,72161727;16,77951918;16,77951918;16,29140193;;14,24849456;14,45348408;14,7469541;;;;;;;;;
Gambia, The; World;Import;  All Products;MFN Weighted Average (%);;;;;;;;;;;;;;;;11,08571685;;;;14,72279012;14,77346824;13,45645679;12,02218046;12,49590474;12,49590474;12,65682641;;;;;18,1135681
Georgia; World;Import;  All Products;MFN Weighted Average (%);;;;;;;;;;;;10,1235039;;9,67324696;10,6961901;9,443874694;9,427651816;8,213583174;8,318948146;1,494074729;1,388132143;1,333327819;1,376381872;2,183020572;1,903341097;1,891869351;;1,671294137;1,879178255;;
Ghana; World;Import;  All Products;MFN Weighted Average (%);;;;;;;;;;;;;16,19623585;9,051703696;9,051703696;9,051703696;;;;8,991375554;8,598122579;9,983348167;10,05715516;;;10,06457518;;;11,16383753;11,10099086;10,89006873
Grenada; World;Import;  All Products;MFN Weighted Average (%);;;;;;;;;18,57500949;;;16,19752621;11,31271314;15,81443036;12,0446831;11,43143081;;;11,80466347;12,62583008;12,7203979;;;;;;;;;;
Guatemala; World;Import;  All Products;MFN Weighted Average (%);;;;;;;;8,65984256;;6,802583565;6,983864112;5,936966144;;6,516043455;6,107965251;6,531077327;6,161913032;5,823894611;5,38546972;5,402248178;5,170955774;5,480828243;5,317773562;5,160272186;6,703838462;5,151347074;4,764004297;4,763862147;;;
Guinea; World;Import;  All Products;MFN Weighted Average (%);;;;;;;;;;;5,965944589;;;;;;6,112540345;12,52957546;;;11,91463785;;;;;;;;;;
Guinea-Bissau; World;Import;  All Products;MFN Weighted Average (%);;;;;;;;;;;;;;;;13,28370535;13,93506688;11,62233253;;;;;;;;;;;;;
Guyana; World;Import;  All Products;MFN Weighted Average (%);;;;;;;;;;;;15,19960874;15,53769415;11,60969891;11,84111193;11,49598725;;;11,15350689;11,07515135;10,510535;11,57882785;11,26853664;11,1255808;10,66554933;11,9192572;;11,38721417;11,32026175;11,26501115;6,216383674
Honduras; World;Import;  All Products;MFN Weighted Average (%);;;;;;;;8,965583465;7,796684988;9,755385557;8,053836448;7,696873936;8,351639685;8,79758507;7,181627389;7,183469707;6,848673999;6,009326405;5,920116026;6,507064685;;6,706093894;6,646756891;6,346506246;6,309916569;;;6,023106891;;;
Hong Kong, China; World;Import;  All Products;MFN Weighted Average (%);;;;;;;;;0;0;0;0;0;0;0;0;0;0;0;0;0;0;0;0;0;0;0;0;0;0;0
Hungary; World;Import;  All Products;MFN Weighted Average (%);;;;;;9,452772488;;;8,898607451;8,840221341;;;;;7,908570871;;;;;;;;;;;;;;;;
Iceland; World;Import;  All Products;MFN Weighted Average (%);;;;;;5,47400696;;;3,644789139;;4,604135373;3,735008775;4,805483354;3,757429287;;4,37193776;4,608847683;4,31179938;3,120831964;3,899821328;3,383866515;3,262085669;2,978252612;2,994271108;2,821737268;3,213600699;3,318243538;3,276185752;3,100472391;2,307042251;
India; World;Import;  All Products;MFN Weighted Average (%);;;56,35850442;;27,01051373;;;;23,71781823;20,13642454;;28,53550082;23,35835426;26,6471235;23,08054108;21,45466375;22,96938405;14,06296551;8,988114122;11,99143775;6,133911463;7,037158947;7,342178697;7,334274432;6,317289727;6,342871903;;7,488410441;7,567295921;6,851731306;5,999476912
Indonesia; World;Import;  All Products;MFN Weighted Average (%);;14,54257193;15,08852793;;;12,51262913;;10,89153447;7,732402475;15,06558703;5,481272119;6,050030179;5,163803536;4,346681823;5,067017386;4,850550642;5,024942292;5,383046534;4,839042198;3,873924305;4,383499604;2,523183833;4,74255339;4,791800711;4,82749319;4,663156369;;;5,399122266;5,67329631;5,886699722
Iran, Islamic Rep.; World;Import;  All Products;MFN Weighted Average (%);;;;;;;;;;;;;22,73903843;;;16,73861638;13,83725563;;;;;;;15,22978469;;;;;;;
Israel; World;Import;  All Products;MFN Weighted Average (%);;;;;;;;;;;;6,003132477;3,83342319;3,659538438;3,466225311;3,276418137;2,913306917;2,944045954;3,029084575;2,857197725;3,106651753;3,486215091;;2,941307119;2,901089833;2,767061126;2,853626613;3,314857785;3,382014159;3,493587676;
Jamaica; World;Import;  All Products;MFN Weighted Average (%);;;;;;;;;17,84772497;;;16,66895472;9,852762427;9,52589606;9,826387713;10,0807604;9,433676781;;8,983404154;8,921510509;;;9,696372438;9,506032024;12,19167166;11,67472589;;10,52437807;10,83883081;;
Japan; World;Import;  All Products;MFN Weighted Average (%);5,144886694;5,033824454;4,425601153;4,960472898;5,24829048;5,46166021;5,446875193;5,71977791;7,058518208;4,82173551;4,702173802;4,928043883;4,997562022;6,053685351;5,834338168;5,566378802;4,264463158;3,865793257;3,06753521;2,999605644;2,764923941;3,274031157;2,564456998;2,682456583;2,638787821;1,501224015;2,698430004;2,827244441;3,116087501;3,057364807;3,031721682
Jordan; World;Import;  All Products;MFN Weighted Average (%);;;;;;;;;;;;;18,91989072;12,31540171;12,65822562;11,43563021;11,22783496;12,04468915;9,380532611;9,213178088;8,499321004;8,670483141;8,456097312;8,061246076;8,104064474;8,082547447;8,704551908;8,653407921;9,219658116;9,39364231;
Kazakhstan; World;Import;  All Products;MFN Weighted Average (%);;;;;;;;;;;;;;;;;1,910512365;;;;4,748080082;;7,167668604;7,607968775;7,875359979;7,303556397;6,576341869;5,616600566;5,394865555;5,15365698;5,013053358
Kenya; World;Import;  All Products;MFN Weighted Average (%);;;;;;;;;;;;12,86096728;16,5177123;14,99864322;12,23246146;;10,44367659;7,550912484;7,02180418;8,144724936;8,189073523;10,22581059;8,705850541;;;10,61748881;;;;;12,65670211
Korea, Rep.; World;Import;  All Products;MFN Weighted Average (%);13,94089434;10,61177974;9,535881191;;8,531781977;;;6,842877377;15,02109357;13,45231832;13,61346743;5,902037977;9,550530094;10,40619339;9,98483875;9,723360019;9,266642718;7,973880244;7,457869023;7,414465323;8,366289405;7,889802735;7,308201673;7,447787653;7,715913042;7,994931418;7,985607174;8,420849415;8,827142388;9,069376013;9,069578945
Kuwait; World;Import;  All Products;MFN Weighted Average (%);;;;;;;;;;;;;;;4,300072996;4,524792128;4,524792128;;4,543966981;4,107508908;4,321755473;;3,942161559;3,942161559;;4,067131919;3,867585235;3,781638181;3,781643193;5,163635909;5,646701488
Kyrgyz Republic; World;Import;  All Products;MFN Weighted Average (%);;;;;;;;0;;;;;2,776094336;3,326176702;6,796947162;4,309414126;;;3,911149426;3,865510225;4,318324239;4,519173603;4,353704314;3,997218669;4,14397457;4,143972588;3,912260085;6,60169119;5,832423373;5,713385949;5,085456725
Lao PDR; World;Import;  All Products;MFN Weighted Average (%);;;;;;;;;;;;;;;;;;;;;;;;;;;9,402915604;9,587343681;8,101430145;;
Latvia; World;Import;  All Products;MFN Weighted Average (%);;;;;;;;;2,178637148;3,207534111;;;;2,563144093;;;;;;;;;;;;;;;;;
Lebanon; World;Import;  All Products;MFN Weighted Average (%);;;;;;;;;;;;11,59025313;16,94208356;8,357812874;27,30904166;;5,326395114;6,126393672;5,688481579;6,525769783;;;;;;;5,04594519;5,458805266;5,467072597;6,668400132;26,51301369
Lesotho; World;Import;  All Products;MFN Weighted Average (%);;;;;;;;;;;;;;12,31203256;;;16,72008066;;;;12,36163823;11,61392233;10,93976611;13,53396496;13,410932;10,72661067;11,01672139;11,99438278;;12,1026226;
Lithuania; World;Import;  All Products;MFN Weighted Average (%);;;;;;;;2,886766252;;2,666013692;;;;;2,322297722;2,333186126;;;;;;;;;;;;;;;
Macao; World;Import;  All Products;MFN Weighted Average (%);;;;;;;;;0;0;0;0;0;0;0;0;0;0;0;0;0;0;0;0;0;;0;0;0;;
Macedonia, FYR; World;Import;  All Products;MFN Weighted Average (%);;;;;;;;;;;;;;13,84801588;7,741233494;;8,09105896;7,716213775;7,20614461;6,066282968;6,072501397;6,96525998;6,419367509;6,494622666;6,684442026;7,142682773;6,310334957;6,159165466;5,949017577;5,323960441;5,218876417
Madagascar; World;Import;  All Products;MFN Weighted Average (%);;;;;;;;5,1779;4,596499971;5,314177555;4,730867044;;4,49906712;3,474754662;2,722002035;3,317433459;1,732887851;6,534550433;10,2573783;9,782369447;9,587690148;8,721372765;7,704892875;7,566839699;7,309899197;7,28268939;7,025049846;9,70903667;8,431088577;9,501305435;9,500979622
Malawi; World;Import;  All Products;MFN Weighted Average (%);;;;;;;22,30553715;;;;;;12,39452953;11,55087308;;11,12738577;;;20,66536616;;8,020831627;9,628317108;8,76172055;8,593625574;7,620692189;7,443147421;7,913251353;7,901004741;8,231574709;;
Malaysia; World;Import;  All Products;MFN Weighted Average (%);;;;11,26134441;;9,728024159;;;6,265689239;6,225262928;5,22865118;5,137923501;4,808767314;5,513915236;4,704559537;5,292323039;5,368433814;4,266776197;4,362343998;4,824684112;5,049759208;5,194177711;4,365067459;4,171817907;4,409858978;4,444429416;3,521222685;;4,024551378;;
Maldives; World;Import;  All Products;MFN Weighted Average (%);;;;;;;;;;;;;20,44618432;20,22373647;19,86585212;20,68466765;19,84546213;21,09869559;21,24186666;;20,36894698;20,04941569;19,70848542;20,74942224;6,563896416;7,10079381;7,847958268;11,66397977;11,86446865;13,16215979;12,02554484
Mali; World;Import;  All Products;MFN Weighted Average (%);;;;;;;;;10,34621609;10,34621609;10,34621609;6,679975745;;10,64166075;10,76793028;10,90391925;10,96258953;10,40857547;10,6237057;10,59540367;10,59538576;;10,34789228;10,09998062;9,778837774;;;;10,5003309;10,04248605;
Malta; World;Import;  All Products;MFN Weighted Average (%);;;;;;;;;;8,712352804;;;9,706462019;;5,935877123;5,650575751;;;;;;;;;;;;;;;
Mauritania; World;Import;  All Products;MFN Weighted Average (%);;;;;;;;;;;;;;9,915596175;;;;;9,903696144;9,455846889;9,285245771;8,682725468;7,944203099;8,050175433;;;8,616085759;;;;
Mauritius; World;Import;  All Products;MFN Weighted Average (%);;;;;;;;24,15287115;18,35933972;19,23782885;24,08280731;20,4425322;12,11848314;12,01294563;12,93789056;;12,52794908;5,42899001;2,032312225;2,552491388;2,689544226;1,278200842;1,23788359;1,291017531;1,027224077;1,038536178;0,837042859;0,853442438;0,974783028;1,053039642;1,027112109
Mayotte; World;Import;  All Products;MFN Weighted Average (%);;;;;;;;;;;;;;;;;;;;7,359321605;7,763123096;6,898421354;;;;;;;;;
Mexico; World;Import;  All Products;MFN Weighted Average (%);;;;11,9101641;;;;11,34549471;14,01620386;13,07857303;13,05354715;15,78029925;15,15300739;15,24176353;15,56518476;15,43829289;13,84537371;12,74932355;11,78478148;11,41752572;10,83051114;8,255135971;5,644048544;5,365458837;5,16977046;4,871456563;4,64175601;4,454918308;4,350094299;4,317855928;3,924975485
Moldova; World;Import;  All Products;MFN Weighted Average (%);;;;;;;;;1,8898724;;;;2,337985505;2,896077789;;3,37473934;3,081835743;3,229117401;3,049704893;2,702935245;2,917830769;3,209228489;3,193297088;3,35404811;3,641096591;7,520478534;3,834781993;4,542303181;4,994786096;;
Mongolia; World;Import;  All Products;MFN Weighted Average (%);;;;;;;;;;;;0,087717492;5,035381565;6,950173842;;5,034699708;5,022931557;4,290387491;4,403773676;5,09820139;;;;;;5,026955653;;4,565975164;;5,687370267;5,466943858
Montenegro; World;Import;  All Products;MFN Weighted Average (%);;;;;;;;;;;;;;;;;;;;6,276379627;8,041289079;9,133560773;9,665385495;8,949192802;9,276773288;7,066621958;6,692003108;6,514211427;5,922658104;5,950148722;5,69616218
Montserrat; World;Import;  All Products;MFN Weighted Average (%);;;;;;;;;;;;13,31353862;;;;;;;;;;;;;8,860654573;10,97507192;;;;;
Morocco; World;Import;  All Products;MFN Weighted Average (%);;;;;;45,43703865;;;;17,31050059;;;25,41510648;24,80323557;24,48568437;24,88133606;;19,81282699;18,21018281;17,95147217;16,20381833;14,52749899;13,01080593;11,71208184;9,883804896;;9,025710536;9,773522286;10,77777734;10,50732175;
Mozambique; World;Import;  All Products;MFN Weighted Average (%);;;;;;;;;;;;;;11,71364295;8,69097404;8,711640451;;8,460979294;7,921626543;8,039011787;7,073847526;7,08255836;7,085033082;7,094273352;7,08494281;;7,228194776;;6,928300481;;7,383576607
Myanmar; World;Import;  All Products;MFN Weighted Average (%);;;;;;;;;;;;;;4,107555346;;;;;;;;;2,951450302;2,951450302;4,857510287;4,06977499;;3,561609632;;;
Namibia; World;Import;  All Products;MFN Weighted Average (%);;;;;;;;;;;;;;10,87763555;9,184982645;;10,81301811;11,18591053;10,73392539;9,526112585;9,231283624;9,844510707;9,548790682;9,402978386;8,194144768;7,71663647;7,5458468;7,605874428;7,820930976;8,304435414;6,764680449
Nepal; World;Import;  All Products;MFN Weighted Average (%);;;;;;;;;;;20,09183607;14,01327731;16,83647837;;;15,85766627;;;;;;12,89644007;13,35138065;12,80039294;12,8718221;15,65137051;11,31197726;13,08308566;13,07161659;;
New Zealand; World;Import;  All Products;MFN Weighted Average (%);;;;;11,24373214;9,085550398;;;6,527622519;5,638264333;4,688097;4,060719597;3,087096948;4,672995785;4,993685439;5,572987947;5,400849406;5,085675037;5,167508123;3,536858621;2,402787247;2,286110871;6,264428998;2,128259492;2,356043369;2,412264408;2,388144991;2,557541781;2,723633236;2,795106591;
Nicaragua; World;Import;  All Products;MFN Weighted Average (%);;;;;;;;8,415083845;8,263192648;5,935774769;5,940570756;11,00418424;4,686623452;5,596393385;5,217465685;5,088197831;5,805229848;5,461556585;4,815749628;5,771285182;5,341769664;5,65379949;5,265194417;5,378078087;5,337485438;5,663523906;5,67259979;5,91586399;6,69025923;6,89635402;6,720947403
Niger; World;Import;  All Products;MFN Weighted Average (%);;;;;;;;;;;;;;13,66120965;12,81381273;12,67249345;11,68867605;11,9881265;11,54403731;10,58715712;10,5871555;10,58715712;11,11182869;10,73630406;11,04945213;11,96455757;10,81853595;10,40795941;10,85432211;;
Nigeria; World;Import;  All Products;MFN Weighted Average (%);;;;;;;;;16,06162372;16,20533301;16,20533301;19,77073503;19,98507509;21,47468273;18,45192585;20,61553254;;;9,395224077;;9,78826478;9,825443177;10,69719137;10,15290148;;10,06631381;11,34147739;;8,627152544;;
Norway; World;Import;  All Products;MFN Weighted Average (%);;;;;;4,983286093;;6,447002726;5,705859345;4,418314032;4,837507396;3,948803175;4,242843166;4,686676709;3,761904304;3,20687363;3,452678736;3,466689324;3,07568531;3,196932838;3,074262557;3,055346053;3,944956476;4,236403508;4,562194992;4,846477167;4,755042357;4,472044411;4,415841931;4,06993379;4,127406197
Occ.Pal.Terr; World;Import;  All Products;MFN Weighted Average (%);;;;;;;;;;;;;;;;;;;;;;;;;;5,386358654;5,528576986;4,264411669;6,053597262;4,9009075;
Oman; World;Import;  All Products;MFN Weighted Average (%);;;;;7,433804831;;;;;4,493971796;;;;12,73158617;13,6502617;5,070248276;4,684075953;4,761266841;4,901775938;4,660856875;4,563120416;4,540382008;;;4,319568511;4,531376727;4,531376727;4,405979561;4,348193607;4,43153474;4,433334264
Other Asia, nes; World;Import;  All Products;MFN Weighted Average (%);;;;;;;;;;4,90347057;4,616956729;5,286647888;3,667264592;3,824167144;3,395293714;3,318046895;2,640284091;2,434806885;2,230292292;2,029863737;1,983403505;2,107295839;2,034539819;;1,808442136;;1,83628677;2,263289576;2,251197617;2,833705466;1,994002996
Pakistan; World;Import;  All Products;MFN Weighted Average (%);;;;;;;;;;;;;;;;16,72250312;13,01902277;13,01027388;12,76647674;12,22576074;9,696199595;9,883857516;10,19935884;9,74387074;9,792270192;9,412476698;9,908738471;10,65960755;11,32157075;;10,57486794
Palau; World;Import;  All Products;MFN Weighted Average (%);;;;;;;;;;;;;;;;;;;;;;;6,758949343;6,544471377;6,40065919;;;7,692619797;7,799950982;29,87633739;34,6298771
Panama; World;Import;  All Products;MFN Weighted Average (%);;;;;;;;;;10,62040242;8,688842931;7,83171489;7,186381955;6,863784319;7,461970763;7,893266769;7,626285481;7,161605123;7,999345745;8,013743454;8,139242501;7,039383929;6,927037165;5,763645816;6,126940926;6,122407439;;5,412997108;;;
Papua New Guinea; World;Import;  All Products;MFN Weighted Average (%);;;;;;;;;;;;;3,133969908;3,093026746;2,944667493;2,296120631;2,097138017;;;;;;;;2,566615373;;;;;;
Paraguay; World;Import;  All Products;MFN Weighted Average (%);;;;11,85507877;;;8,018551325;10,70983487;10,44914705;11,32629507;11,46280966;11,11247723;10,92625146;10,73932851;9,943469829;9,846789686;10,30907926;8,37947912;5,162769034;6,565537486;6,554889395;6,771217898;7,138200994;7,383308656;7,366184093;7,564970952;7,394604455;7,825198789;7,707099125;8,446448764;8,542151928
Peru; World;Import;  All Products;MFN Weighted Average (%);;;;;;;;15,33858318;;12,70140601;12,70595128;12,64763653;12,81588233;11,31644906;9,921819733;9,498947764;9,819770758;9,123486774;6,820322236;6,626226387;2,652973303;2,834172047;2,834516464;1,880505433;;1,861638232;1,861638232;1,803178747;;1,969579592;1,974713858
Philippines; World;Import;  All Products;MFN Weighted Average (%);;;;;;;;;8,532272295;7,55737461;6,365553703;6,094790968;3,774057924;3,467707923;2,62406381;2,44038914;3,487187918;3,770723319;3,723713852;3,463253638;6,039286214;6,114997165;6,088973921;5,665897405;5,630099959;5,731158541;;5,722778041;5,693732866;5,718477227;7,121446238
Poland; World;Import;  All Products;MFN Weighted Average (%);;;;;;;;8,949717819;13,30953682;14,14767191;12,56203353;11,53387711;10,14434746;9,670804035;9,819388536;9,35255685;;;;;;;;;;;;;;;
Qatar; World;Import;  All Products;MFN Weighted Average (%);;;;;;;;;;;;;;;4,281950347;4,983841176;5,121043013;5,020386803;5,034167755;4,428270252;4,355571617;;4,424506006;;4,083601778;4,22718798;4,181271075;4,270251218;4,270251218;4,69594902;4,015859997
Romania; World;Import;  All Products;MFN Weighted Average (%);;;;11,86796824;;;;;;;;14,20030252;;14,36101051;;;14,30492231;13,16325677;;;;;;;;;;;;;
Russian Federation; World;Import;  All Products;MFN Weighted Average (%);;;;;;;;;9,92798363;11,27752761;;;;10,78255632;10,80267344;;;10,4772484;;8,043065898;9,346692662;8,806101356;7,993926611;7,979166209;8,073792895;7,36994915;6,433567833;5,539263001;4,563665226;4,450152142;4,37951076
Rwanda; World;Import;  All Products;MFN Weighted Average (%);;;;;;;;;;;;;;8,97830083;20,1228026;10,24509441;;19,11807511;18,05595909;;17,43725711;14,49496843;16,29609776;13,76180689;14,92454534;13,68785006;13,88437666;16,01783705;13,32051245;;
Samoa; World;Import;  All Products;MFN Weighted Average (%);;;;;;;;;;;;;;;;;;;;;;;;9,84615531;9,860126779;9,714497276;9,980984101;10,28293356;10,58343292;10,19356664;10,85394563
Sao Tome and Principe; World;Import;  All Products;MFN Weighted Average (%);;;;;;;;;;;;;;;;;;;;;;;;;;8,020894104;8,23751859;9,073100387;10,44458323;;9,459515201
Saudi Arabia; World;Import;  All Products;MFN Weighted Average (%);;;;;;;10,72344836;;;;;11,49600798;12,48374389;11,11520428;6,527310737;7,27923829;7,006980218;4,347677168;4,408245323;4,055391594;3,557266007;3,436730812;;4,162517489;3,959909731;3,959872862;3,835847923;4,453824572;;5,01758854;
Senegal; World;Import;  All Products;MFN Weighted Average (%);;;;;;;;;;;;;;9,404399586;8,26279088;9,121766832;9,247179208;9,201779917;9,700950085;8,829967166;8,829966352;9,364814143;9,106659437;8,896512182;8,485571698;8,484162742;8,789085082;9,087515403;9,431271898;12,30232172;11,73418649
Serbia, FR(Serbia/Montenegro); World;Import;  All Products;MFN Weighted Average (%);;;;;;;;;;;;;;10,69163476;7,883207328;;;6,034272229;;6,279527489;6,151974003;6,09695892;5,647092507;5,760630267;;5,918660441;;6,259402159;6,48067311;6,490145732;6,485134582
Seychelles; World;Import;  All Products;MFN Weighted Average (%);;;;;;;;;;;;;26,91993941;32,52997385;;;;32,60166832;32,58158104;30,06711081;;;;;;;;4,651674296;5,940626977;5,327423802;6,591663669
Singapore; World;Import;  All Products;MFN Weighted Average (%);;3,26032842;;;;;;0,327477956;0,048681385;0,048633599;0,046162022;0,046875306;0,037619803;0,039616687;0,039131599;0,039519974;0;0,027748011;0,028278031;0,030178852;0,153421603;0,179549576;0,142934267;0,160697824;0,179269938;0,248839865;0,244369963;0,276388802;0,237730846;0,212767721;0,68068858
Slovak Republic; World;Import;  All Products;MFN Weighted Average (%);;;;;;;;;;;;;;;4,605218291;;;;;;;;;;;;;;;;
Slovenia; World;Import;  All Products;MFN Weighted Average (%);;;;;;;;;;;;11,3819089;;10,00315746;10,15678483;10,19801216;;;;;;;;;;;;;;;
Solomon Islands; World;Import;  All Products;MFN Weighted Average (%);;;;;;;;;;;;;;;;;;;;;14,61621885;;;;;;;36,09274827;14,60068032;18,91063472;30,69310966
South Africa; World;Import;  All Products;MFN Weighted Average (%);;;;;;13,4520633;;;8,549129602;5,994500742;;5,466534248;5,361733856;5,267346773;5,11745015;5,342766142;5,535979922;6,159926257;5,933134644;5,638495227;4,762461024;5,359316841;5,70523337;5,580122735;5,513787056;5,76896736;5,444267474;6,058219988;6,487120411;6,648639641;6,289470787
Sri Lanka; World;Import;  All Products;MFN Weighted Average (%);;;28,97779378;;;31,28906013;31,25026539;;;;;;6,947208701;6,750229729;;6,471137244;7,023003862;7,88502558;7,553925963;7,645875616;7,591625262;7,89981811;8,632121298;8,290003116;7,678090003;;7,716846827;5,038616054;;9,158280677;
St. Kitts and Nevis; World;Import;  All Products;MFN Weighted Average (%);;;;;;;;;21,57104607;;;17,87349215;13,11020533;12,61054664;13,68128672;13,70565437;;;13,91131531;14,00421641;15,1775141;15,11145412;14,57177745;14,20031601;14,03980955;14,03263291;14,03823014;14,05254792;14,06838529;26,64245653;
St. Lucia; World;Import;  All Products;MFN Weighted Average (%);;;;;;;;;18,51666693;;;16,2993866;16,33813474;12,22108384;12,69454203;12,77583738;;13,76167613;12,04196574;11,55863004;;;5,924716321;5,80055852;6,999022363;10,93514889;11,4030942;11,19855578;12,0848341;;
St. Vincent and the Grenadines; World;Import;  All Products;MFN Weighted Average (%);;;;;;;;;;;;15,82611229;15,03741068;12,50302411;11,67571244;11,75653547;;;5,95930417;12,08530976;;;10,80262406;10,24745151;11,75455174;11,75455174;;11,06134257;12,98125101;13,36187824;13,29609043
Sudan; World;Import;  All Products;MFN Weighted Average (%);;;;;;;;;;;;;;;;;;;;;;;;;16,27785291;;;;;17,44165267;
Suriname; World;Import;  All Products;MFN Weighted Average (%);;;;;;;;;16,69816419;;;14,00016718;12,16570447;;;;;;;11,93915375;;10,78272581;10,78579698;9,801482273;10,87545267;10,87545267;;;;;11,76560172
Swaziland; World;Import;  All Products;MFN Weighted Average (%);;;;;;;;;;;;;;11,01844035;8,95361543;;10,5330654;9,788001781;9,473661426;8,472179077;;;;;;8,974183597;8,622011925;8,357333031;8,707383617;9,737550218;
Switzerland; World;Import;  All Products;MFN Weighted Average (%);;;13,22198372;;;14,74618382;;16,77234138;11,38558667;5,855970761;5,349208572;5,019615199;4,464842102;4,381650658;4,332758264;4,815923761;4,296818529;4,369270313;4,414225834;3,924279271;3,922573268;3,969509522;3,436307306;4,070290717;2,669683013;4,06918162;4,105654988;2,921386947;2,886681089;3,344212016;3,423310537
Syrian Arab Republic; World;Import;  All Products;MFN Weighted Average (%);;;;;;;;;;;;;;;15,5045843;;;;;;;8,1619812;8,919758161;;;;;;;;
Tanzania; World;Import;  All Products;MFN Weighted Average (%);;;;;;;;;;18,29223087;19,47839106;;13,06838608;;;8,78672882;;9,125509397;8,972837276;8,133018509;8,624874667;9,452370452;9,522971365;8,099659194;9,554800843;8,88676889;8,836415153;8,069729689;10,20311623;;10,41254425
Thailand; World;Import;  All Products;MFN Weighted Average (%);;33,65491908;;33,63033626;;36,6403019;;14,85833898;;;;33,51035901;9,540168594;9,28492153;;9,73309002;6,02874104;5,551069326;5,352898982;4,320588269;4,274975498;4,761291052;4,999575258;4,853506212;;6,060326029;6,650049684;6,858199141;;;
Togo; World;Import;  All Products;MFN Weighted Average (%);;;;;;;;;13,7878585;14,57841294;;14,99130549;11,3612118;10,9090304;10,20143762;10,782016;10,79488344;10,40179707;;10,9562195;10,9562195;11,0214726;11,10889198;11,52014779;9,700262956;9,666433998;9,664512141;10,99916755;10,98609515;13,43497326;
Tonga; World;Import;  All Products;MFN Weighted Average (%);;;;;;;;;;;;;;;;;;;;;;4,714925862;5,120239883;5,582031947;5,497455976;5,173759596;;;;;
Trinidad and Tobago; World;Import;  All Products;MFN Weighted Average (%);;;;13,14592996;15,09312516;;;;7,178684222;;;17,85107777;;6,560447822;4,924546141;5,461040191;6,2253228;8,302792511;12,48636043;10,65151619;14,29460641;;8,612356442;8,615015646;9,059497312;9,031708695;;;;;
Tunisia; World;Import;  All Products;MFN Weighted Average (%);;;;;26,02424205;;;27,3550493;;;25,67391925;;23,37743895;;26,38211056;22,14403394;22,39494606;19,64310481;19,16547046;;15,92597272;18,60983832;13,76976152;14,46282817;12,58255123;11,2839035;;11,26150979;9,347325241;;
Turkey; World;Import;  All Products;MFN Weighted Average (%);;;;;;7,902517707;;6,740548536;5,707774196;5,652264153;5,730944307;5,340019892;4,978270734;3,934238798;3,954230375;4,333737799;4,15216517;3,846275621;3,724157533;4,055800808;3,927308886;4,420110466;4,696491654;5,112411046;;5,214256462;;5,80487115;5,367915402;5,57759604;4,557556186
Turkmenistan; World;Import;  All Products;MFN Weighted Average (%);;;;;;;;;;;0;;;;;;;;;;;;;;;;;;;;
Uganda; World;Import;  All Products;MFN Weighted Average (%);;;;;;;16,82151228;;;;;;7,299125909;7,210409218;7,06871121;6,643366447;6,264550778;12,53864542;10,74595955;11,01114806;11,14206448;12,11509362;11,87826787;10,544757;11,02141554;10,49422356;10,66130566;10,40134675;9,843282496;;11,57269214
Ukraine; World;Import;  All Products;MFN Weighted Average (%);;;;;;;;;;3,93312334;;;;;3,993183771;;;;4,129915852;4,692020663;4,688961552;2,466721168;2,89884072;2,41918701;2,570866868;2,78445761;2,648730903;2,456712943;2,455092249;2,728061787;2,728716747
United Arab Emirates; World;Import;  All Products;MFN Weighted Average (%);;;;;;;;;;;;;;;;;;4,422504674;;3,947879905;3,878830962;3,879041064;;3,874883509;3,599481908;3,686239815;3,601235273;3,337553639;3,18043498;4,906572898;4,71227306
United States; World;Import;  All Products;MFN Weighted Average (%);;;;4,728656101;4,800313762;4,713133657;;4,272888636;4,109235487;3,672602921;3,60482778;3,886426299;3,396582927;3,455389829;3,326225907;3,201922173;2,994420955;2,960462531;2,90835813;2,42205707;2,755809059;2,818178506;2,81292708;2,808638203;2,7897922;2,80745188;2,776125302;2,788652136;2,788922835;3,071209238;3,188357686
Uruguay; World;Import;  All Products;MFN Weighted Average (%);;;;;;;;10,61649615;10,32282185;10,55406139;12,87538051;12,30793851;12,14649385;12,36628701;10,67159875;;9,306820041;7,996842117;7,255154264;7,684896085;6,549185918;7,718994287;8,513745863;8,643177725;7,959578096;8,636599627;8,627209374;8,588198549;9,416695663;11,33315546;9,820128699
Vanuatu; World;Import;  All Products;MFN Weighted Average (%);;;;;;;;;;;;;;;;;;;16,00057347;19,1197897;;19,03969274;;;;;;;;;
Venezuela; World;Import;  All Products;MFN Weighted Average (%);;;;;;;;13,10367985;;13,39744887;13,68504884;13,0209494;13,37468308;14,46479778;13,69530542;12,75225917;13,27065485;13,59575773;14,17477827;15,54672543;14,98700547;13,60789636;11,9954627;12,50700845;12,50700845;12,50698517;;;;;
Vietnam; World;Import;  All Products;MFN Weighted Average (%);;;;;;;;;;;;;;15,28576423;15,07543615;12,68006533;12,63450668;12,727801;11,70897099;11,39346983;6,121723113;7,879298949;6,474740558;;4,977051861;5,373664874;5,418001721;5,764097882;5,754844005;5,878511312;
Yemen; World;Import;  All Products;MFN Weighted Average (%);;;;;;;;;;;;;;;;;;;6,455301564;;;5,714995272;;5,950534611;6,053114228;5,340508136;;6,154118148;;;
Zambia; World;Import;  All Products;MFN Weighted Average (%);;;;;;;;;;11,33451703;;;;14,28014839;10,6848898;10,97714809;12,58231201;10,45275578;11,56333974;9,634403385;9,611766611;8,729302021;7,81243046;8,474421695;8,408435808;8,565631886;;8,944951638;;;7,437828519
Zimbabwe; World;Import;  All Products;MFN Weighted Average (%);;;;;;;;;;;;;;10,55350605;17,48475634;;;;;13,12061626;;;16,5956973;13,48519542;14,75772759;;;12,85639535;10,62130822;;